id,treated,L,outcome
1,1,0.026902,0
2,1,0.649742,1
3,0,1.024976,1
4,0,-0.102092,0
5,0,1.409997,1
6,1,0.796742,0
7,0,0.493363,1
8,0,-0.092427,0
9,1,0.004711,0
10,1,-1.22951,0
11,1,-0.081959,0
12,1,0.264515,0
13,0,-1.144615,0
14,1,-0.556892,0
15,0,0.266733,0
16,1,-0.625612,1
17,1,-1.420181,0
18,0,-0.627836,1
19,1,1.046761,1
20,0,0.15332,0
21,1,0.146504,1
22,0,-0.669603,0
23,1,-0.916934,0
24,0,0.33176,1
25,0,2.125768,1
26,0,-0.70244,0
27,0,0.619106,1
28,1,1.40546,0
29,1,1.088604,1
30,1,0.885684,1
31,1,-0.170137,0
32,1,-0.275034,1
33,1,-0.229187,1
34,0,0.384052,0
35,0,-0.060879,1
36,0,1.341539,1
37,0,-0.117463,1
38,0,-0.378338,0
39,1,1.908983,1
40,1,-0.216717,0
41,0,0.836687,1
42,1,-0.924109,0
43,0,-0.967909,0
44,1,-0.43281,0
45,1,-0.356209,1
46,0,-1.304833,0
47,1,-2.522288,0
48,0,-0.270883,0
49,1,0.219299,0
50,1,1.240486,0
51,1,0.780365,1
52,1,0.864729,1
53,1,-2.977556,0
54,0,-0.902866,0
55,0,-0.023996,0
56,0,1.301558,1
57,1,-1.611038,0
58,0,-0.281131,0
59,0,-0.808637,0
60,1,2.69963,1
61,1,1.578052,1
62,1,0.424547,1
63,1,1.00113,1
64,1,0.167422,0
65,1,1.137768,1
66,0,0.683851,1
67,0,-1.481255,0
68,0,0.745451,0
69,1,0.220615,0
70,1,-1.908225,0
71,1,-0.407845,0
72,1,1.346744,0
73,1,-0.351322,0
74,0,-0.346242,0
75,0,1.303762,0
76,1,1.998754,1
77,0,-1.008316,0
78,0,-1.468718,0
79,0,0.056237,0
80,1,0.022195,0
81,1,2.374399,1
82,0,-0.178658,0
83,1,0.259509,1
84,1,0.716186,1
85,1,1.32677,0
86,1,0.643806,1
87,0,0.276848,0
88,0,0.285117,0
89,1,-0.633155,0
90,1,-0.178017,1
91,1,-1.317678,0
92,0,-0.086892,1
93,0,-0.591397,0
94,1,1.879759,0
95,0,-1.116901,0
96,1,0.637212,1
97,0,-0.916712,0
98,1,-1.237941,1
99,1,1.192377,0
100,0,-2.087355,0
101,1,2.0416,1
102,0,0.931859,0
103,1,-0.814965,0
104,0,-0.699054,0
105,0,0.348021,0
106,1,-1.020729,0
107,1,0.747961,1
108,0,0.679984,0
109,1,0.117146,0
110,1,-0.28378,0
111,0,-0.015793,1
112,1,-0.747796,1
113,1,1.407527,1
114,0,-2.548263,0
115,1,-0.447407,0
116,1,-0.922586,0
117,1,2.26444,1
118,1,-0.326614,0
119,0,-1.214314,0
120,1,-0.425063,0
121,1,1.856803,1
122,0,-0.449954,0
123,1,-0.582529,0
124,0,-0.111455,1
125,1,-0.541235,0
126,1,0.965267,0
127,1,-0.896921,1
128,0,-1.195012,0
129,1,1.240957,1
130,0,-0.623401,0
131,1,-0.078804,1
132,1,1.332795,0
133,0,-0.396801,0
134,1,1.889825,0
135,0,1.072092,0
136,1,-0.464981,0
137,1,0.811127,1
138,0,-0.675549,0
139,1,0.45935,1
140,0,-0.413878,0
141,1,0.812426,1
142,0,-0.446818,0
143,0,-1.390368,0
144,0,-1.381506,0
145,0,-0.566196,0
146,0,-2.190123,0
147,0,1.364267,0
148,1,1.327303,1
149,0,-0.720646,0
150,1,1.466067,1
151,1,2.500781,1
152,0,0.56317,0
153,1,-0.232729,0
154,1,0.239218,0
155,1,0.063583,0
156,1,1.146194,1
157,1,1.398638,1
158,1,-0.774502,0
159,0,-1.296034,0
160,0,-1.058684,1
161,0,-1.484385,0
162,1,1.06669,1
163,0,0.148571,0
164,0,-0.390227,0
165,0,-0.723724,0
166,1,-0.464908,0
167,1,-0.760307,0
168,0,-0.662815,0
169,1,2.170613,0
170,0,0.680992,1
171,1,1.396295,0
172,0,-0.561715,0
173,0,0.33418,0
174,1,0.185021,0
175,0,-0.033947,0
176,0,0.294694,0
177,0,0.285531,0
178,0,-0.925775,0
179,0,-0.502225,0
180,0,-0.24183,0
181,0,-2.220269,0
182,0,-1.335763,0
183,0,-1.860369,0
184,1,0.178339,0
185,1,1.344303,1
186,1,0.987487,1
187,0,1.069982,0
188,1,-0.257366,0
189,1,0.208912,0
190,0,-0.478252,0
191,1,-0.973302,0
192,1,1.402253,1
193,0,-1.241387,0
194,1,-1.119082,0
195,0,-1.051451,0
196,1,-0.31668,0
197,0,0.138572,1
198,1,0.270919,0
199,1,0.108629,0
200,1,1.093106,1
201,1,0.195967,0
202,1,-1.637837,0
203,0,-1.871113,0
204,0,-0.743323,0
205,0,0.400689,0
206,0,-0.40499,1
207,1,-0.498702,0
208,1,0.721345,0
209,0,-0.843451,0
210,1,0.101626,0
211,1,-1.067696,0
212,1,-0.075421,0
213,1,-0.6767,0
214,1,-0.139218,0
215,1,0.970855,0
216,1,-0.180179,0
217,0,-0.819452,0
218,0,-1.128433,0
219,0,0.414942,1
220,1,0.049102,0
221,0,-1.196439,0
222,1,0.270436,0
223,0,1.505091,1
224,0,-1.722161,0
225,1,-0.038321,0
226,1,1.275524,1
227,1,1.200225,1
228,0,0.98396,0
229,1,-0.221243,0
230,1,-0.957112,0
231,0,-0.249186,0
232,0,2.155045,1
233,1,1.796867,1
234,1,0.831701,0
235,1,1.606437,1
236,0,0.290839,0
237,1,2.195354,0
238,1,1.314636,1
239,1,-0.787672,0
240,0,-0.79142,1
241,0,-0.365921,0
242,0,1.236517,1
243,0,-1.764276,0
244,1,0.584504,1
245,0,-1.244444,0
246,1,0.146663,0
247,1,-0.839728,0
248,1,-0.31079,0
249,0,-0.072912,1
250,1,-0.856804,0
251,0,0.724373,1
252,1,1.085977,0
253,1,1.242823,0
254,0,-1.120726,0
255,1,-0.298212,0
256,0,-0.966082,0
257,0,0.53409,0
258,0,0.145532,1
259,1,-0.378408,0
260,0,-0.027928,0
261,1,1.201631,0
262,0,0.90135,1
263,0,0.032659,0
264,1,2.69267,1
265,1,-0.860473,0
266,1,1.278765,1
267,1,0.840503,1
268,1,-0.008556,0
269,0,-0.357398,0
270,0,-2.465799,0
271,0,-1.796936,0
272,0,-1.06586,0
273,0,-0.360683,1
274,1,1.895548,1
275,0,0.46164,0
276,0,-0.171028,0
277,0,-0.659773,0
278,1,-0.373966,1
279,0,-1.124674,0
280,1,0.540652,1
281,0,0.793787,1
282,0,-0.000372,0
283,0,-0.993672,0
284,0,-0.631568,0
285,0,0.047516,0
286,0,0.845621,0
287,1,-0.174039,0
288,0,1.374037,0
289,1,-0.480822,0
290,1,-0.751133,0
291,1,1.417395,0
292,0,0.365931,1
293,1,-0.658666,0
294,1,0.592468,1
295,0,-0.310762,0
296,1,0.130407,1
297,0,-0.16054,0
298,1,1.556631,1
299,0,-1.754783,0
300,0,-0.775663,0
301,0,0.756367,0
302,1,0.234543,1
303,0,1.993293,1
304,1,-1.634218,0
305,0,-0.954037,0
306,1,0.233429,1
307,1,0.980848,0
308,1,0.161623,0
309,1,0.176182,1
310,0,1.412084,0
311,1,0.438939,0
312,1,-1.404787,1
313,1,0.000286,1
314,0,-0.824592,0
315,1,-0.43961,0
316,1,1.65454,0
317,1,0.664608,1
318,1,2.315546,1
319,1,-0.555603,0
320,0,-1.592667,0
321,0,-0.210992,0
322,1,-0.621981,0
323,1,0.792568,1
324,1,-0.285931,0
325,1,1.143441,0
326,1,-0.813913,0
327,0,-0.86196,0
328,1,-0.13557,1
329,1,1.651043,0
330,1,0.904078,1
331,0,0.56821,1
332,1,0.248164,0
333,1,0.44385,0
334,1,-0.678657,0
335,0,-1.209604,0
336,1,1.214505,0
337,0,-0.656453,0
338,0,0.761509,1
339,0,0.306108,0
340,0,0.067295,1
341,1,1.072774,1
342,0,-1.309595,0
343,0,0.511605,0
344,1,0.125553,1
345,1,0.694574,0
346,0,-0.303592,0
347,1,1.718169,0
348,0,0.420734,0
349,0,0.861912,1
350,0,1.395908,1
351,1,-1.397159,0
352,0,-0.110406,0
353,0,0.4956,0
354,0,-0.479722,1
355,0,0.905312,1
356,0,-0.483868,0
357,0,0.799114,1
358,1,-0.027822,0
359,1,1.199493,1
360,1,0.743146,0
361,0,-1.111774,0
362,0,-0.844088,0
363,1,-0.306649,1
364,0,-2.139019,0
365,1,0.381726,1
366,0,-0.682734,0
367,1,0.028125,1
368,0,-2.262937,0
369,1,-0.030988,1
370,0,-0.08695,1
371,0,-1.107748,0
372,0,-0.82938,0
373,0,1.444595,0
374,1,0.972425,1
375,0,-0.038693,1
376,0,-1.308069,0
377,1,-1.154144,0
378,1,1.451428,1
379,1,1.731962,1
380,1,0.038614,1
381,1,-0.802868,0
382,1,-0.501714,1
383,0,0.825778,1
384,1,-0.728896,0
385,1,-0.215696,0
386,1,-1.530338,0
387,0,-0.462287,0
388,1,0.979021,0
389,1,1.840445,1
390,0,-0.109377,0
391,0,-1.577675,0
392,0,-2.456937,0
393,1,-1.297659,0
394,0,-0.588825,0
395,1,0.737551,1
396,1,-1.131719,0
397,0,0.527477,0
398,0,-0.417799,0
399,0,0.713448,1
400,1,-0.588819,1
401,0,-0.201006,0
402,1,-0.493681,0
403,1,0.867899,1
404,0,1.845775,0
405,0,-2.129318,0
406,0,-0.525639,0
407,1,-0.552066,0
408,1,2.488232,1
409,0,-0.436027,0
410,1,-0.134486,0
411,0,-0.91475,0
412,0,-0.90521,0
413,0,0.678326,0
414,0,-1.447102,0
415,0,1.18574,0
416,0,-0.458019,0
417,0,0.013963,0
418,0,0.425536,0
419,1,0.054221,1
420,1,0.583576,1
421,1,0.864739,0
422,0,-0.995337,0
423,1,-0.195103,0
424,0,0.206863,0
425,0,0.432546,1
426,1,0.384472,0
427,1,-0.44802,1
428,0,0.569976,1
429,0,1.111285,1
430,1,0.413095,1
431,1,1.992924,1
432,0,-1.456489,0
433,1,0.145052,0
434,0,0.56082,0
435,1,-0.070615,0
436,0,-0.228223,0
437,1,0.497843,1
438,1,0.278666,1
439,1,0.359493,0
440,0,-0.528855,0
441,0,-0.617829,0
442,0,0.041999,0
443,0,-0.760147,0
444,0,-0.216132,0
445,1,0.155688,0
446,0,1.461126,0
447,0,-1.022528,0
448,0,-0.030049,0
449,1,0.013366,0
450,0,0.617933,0
451,1,1.089509,1
452,0,-1.963649,1
453,1,0.681406,0
454,0,0.408479,0
455,1,1.508824,1
456,0,-1.03251,0
457,1,1.546066,1
458,0,0.674983,0
459,1,0.401874,1
460,0,0.948666,0
461,0,-0.215561,0
462,0,-0.127115,0
463,0,1.754758,1
464,0,-1.479389,0
465,1,-1.708022,0
466,1,-1.352698,0
467,1,0.559898,0
468,0,1.718046,0
469,1,-2.030473,0
470,0,1.971149,1
471,0,0.16968,1
472,1,0.075633,0
473,1,-0.242448,0
474,1,1.503827,1
475,1,0.364269,0
476,1,-0.595338,0
477,1,1.211295,1
478,0,2.59726,1
479,1,0.185487,0
480,1,0.679253,1
481,0,-2.04706,0
482,1,1.311415,0
483,1,0.700415,1
484,0,0.795342,1
485,0,-1.848624,1
486,0,-1.291911,0
487,1,0.622248,0
488,0,-1.162705,0
489,1,1.056046,0
490,0,0.085726,0
491,0,0.220267,0
492,0,-0.955661,0
493,1,0.668808,1
494,0,0.755715,0
495,1,0.042851,1
496,1,1.544765,1
497,1,-1.203104,1
498,0,-1.6769,0
499,0,-0.549415,0
500,0,-0.433875,0
501,1,0.70618,1
502,1,1.309921,0
503,0,-0.696534,0
504,0,-1.057577,0
505,1,0.506186,1
506,1,0.504139,0
507,0,0.254324,1
508,0,-0.207984,0
509,1,0.651285,1
510,1,0.902043,1
511,0,-0.429406,0
512,1,-0.118132,0
513,0,0.221504,1
514,1,0.643092,1
515,0,-1.148566,0
516,0,-2.175236,0
517,0,0.525546,0
518,0,-1.395924,0
519,1,1.427221,1
520,1,0.333268,0
521,1,2.203047,1
522,0,-0.780713,0
523,0,0.090025,0
524,1,0.295383,0
525,0,-1.887524,0
526,1,-0.011602,0
527,1,-0.862229,0
528,0,0.632973,0
529,1,0.211605,0
530,0,-1.747275,0
531,1,1.540617,1
532,1,0.088402,1
533,1,1.055483,1
534,1,-0.668609,0
535,1,1.240883,0
536,0,-0.786036,0
537,1,-1.801463,0
538,1,-1.046185,0
539,1,0.652613,1
540,1,0.059615,0
541,1,0.81357,1
542,1,-0.943035,0
543,0,-2.282398,0
544,1,-0.010042,0
545,0,-0.72145,0
546,1,-0.57327,0
547,1,0.246028,0
548,0,0.366281,0
549,1,-0.978568,0
550,0,-0.13157,0
551,1,1.469894,0
552,0,-0.594224,1
553,1,0.006302,0
554,1,-0.563552,0
555,0,-1.481208,0
556,0,-0.148732,0
557,1,-1.044238,0
558,0,-1.393447,0
559,1,0.178728,1
560,1,0.094599,0
561,0,-0.27173,0
562,0,-2.294275,0
563,0,0.776222,0
564,1,1.433027,1
565,0,-1.977669,0
566,0,0.020397,0
567,1,0.599845,0
568,0,1.651262,0
569,0,0.579707,0
570,1,2.471697,1
571,0,-0.62471,1
572,1,0.06767,0
573,0,0.305885,1
574,1,1.26861,1
575,0,0.450013,1
576,0,-0.774193,0
577,0,-1.983595,0
578,0,0.841351,1
579,0,-0.888262,0
580,0,-1.296119,0
581,1,-0.055651,0
582,0,0.195371,0
583,0,-0.883074,0
584,0,-0.018398,0
585,1,0.514907,1
586,0,1.367392,1
587,0,0.498456,0
588,0,0.239062,0
589,0,0.183488,0
590,1,0.636349,0
591,0,3.459399,1
592,0,-0.363211,0
593,0,-0.537516,1
594,0,-2.830903,0
595,0,0.442338,0
596,0,-0.844765,0
597,0,-0.495267,0
598,1,1.079868,0
599,1,0.759627,0
600,0,-1.627671,0
601,0,0.986272,0
602,1,0.495943,1
603,1,-0.202266,0
604,1,0.510526,0
605,0,-0.078593,0
606,1,-0.096084,1
607,0,-0.866494,0
608,1,1.255047,1
609,1,0.360618,0
610,1,-0.758124,0
611,1,-0.293377,0
612,1,-0.217628,1
613,0,0.258791,1
614,1,1.475427,1
615,0,1.535947,1
616,0,-1.365985,0
617,0,0.01828,0
618,0,0.705533,1
619,1,1.394809,1
620,0,1.040881,1
621,0,-0.896982,0
622,0,0.415224,0
623,1,0.21061,0
624,1,0.912208,0
625,0,-1.409221,1
626,0,0.173034,0
627,1,-0.910066,1
628,0,-1.566825,0
629,0,-1.527414,0
630,0,-0.494009,0
631,0,-0.432704,0
632,1,0.094017,0
633,1,-0.236683,0
634,0,-1.113099,0
635,1,0.194196,1
636,1,-0.170068,0
637,1,0.212957,1
638,1,-0.148992,0
639,1,1.352956,0
640,0,-2.031582,0
641,0,-1.669754,0
642,0,-1.140062,0
643,0,-2.383474,0
644,1,0.767275,1
645,1,-1.217527,0
646,1,0.83418,0
647,0,1.050988,1
648,1,0.144119,0
649,1,-0.009525,0
650,0,0.129188,0
651,1,2.381263,1
652,1,0.030745,0
653,1,0.787682,1
654,0,-0.093165,0
655,1,0.485332,1
656,1,0.193656,0
657,0,-1.091744,1
658,0,-1.899596,0
659,0,-1.315964,0
660,1,0.713377,0
661,0,-0.746932,0
662,0,1.759872,1
663,0,-0.335943,1
664,0,1.786993,1
665,0,-0.549539,0
666,1,0.523237,1
667,0,1.64748,1
668,1,0.863849,1
669,0,-0.011801,1
670,1,1.091174,1
671,1,0.050135,0
672,0,0.009437,0
673,0,-1.107823,0
674,0,0.141078,0
675,0,0.260358,1
676,1,0.637128,1
677,1,0.973784,0
678,1,-0.367393,0
679,1,1.23664,1
680,1,0.95802,1
681,0,-2.383564,0
682,0,-0.852961,0
683,0,0.215678,0
684,0,-1.129837,0
685,1,0.008571,0
686,1,-1.352894,0
687,0,-0.388207,0
688,1,0.25876,1
689,1,-1.793682,0
690,1,0.688923,0
691,0,0.916956,1
692,1,0.150474,1
693,1,-0.168314,0
694,1,-0.762326,0
695,1,1.274325,1
696,1,0.1337,1
697,1,-0.944076,1
698,1,0.876306,0
699,0,-2.539547,0
700,1,1.931543,1
701,0,0.398579,1
702,0,0.43968,1
703,0,0.299205,0
704,1,1.334697,1
705,0,-0.121603,0
706,0,-0.411284,0
707,0,-1.097421,0
708,1,0.567863,0
709,1,-1.787615,1
710,1,0.739507,1
711,0,-2.259212,0
712,1,0.410776,1
713,0,0.893845,1
714,0,-0.984721,0
715,0,0.233954,0
716,0,0.187718,0
717,0,-0.714997,0
718,1,0.504504,0
719,0,-0.513211,0
720,0,0.803978,1
721,1,-1.45217,0
722,0,-1.547046,0
723,0,-0.372345,1
724,1,0.256165,0
725,0,-0.05084,0
726,0,-0.603417,1
727,0,0.635612,0
728,0,-1.132444,0
729,0,0.402646,0
730,0,-0.032096,0
731,0,0.929224,0
732,0,1.031753,0
733,0,-1.083761,0
734,1,0.882255,1
735,1,0.646352,0
736,0,0.328716,0
737,0,-0.393458,0
738,1,-0.340449,1
739,0,-1.341793,0
740,1,-0.762339,0
741,0,1.49171,0
742,0,-0.651593,0
743,0,0.480622,0
744,1,0.505423,1
745,0,-0.184703,0
746,1,-1.839487,1
747,1,1.686446,1
748,1,0.905775,1
749,1,1.330066,1
750,1,1.659028,1
751,1,1.86875,1
752,1,-0.37108,0
753,0,-0.813297,0
754,0,-0.697251,0
755,1,1.061563,0
756,1,-0.146182,1
757,1,2.451263,1
758,0,-1.54855,0
759,1,0.782822,0
760,1,-1.091272,0
761,0,-0.208992,0
762,0,0.679297,1
763,1,0.233443,1
764,0,0.289937,0
765,0,-0.253306,0
766,1,-0.382234,0
767,1,1.248238,0
768,0,-0.093684,0
769,0,0.224384,1
770,0,-0.210718,0
771,0,0.81839,0
772,0,1.355695,1
773,1,0.809602,1
774,0,0.944875,1
775,1,0.329361,1
776,0,1.122175,1
777,0,0.247969,1
778,0,2.064207,1
779,1,-0.634667,1
780,0,-0.766946,0
781,0,-1.05063,0
782,0,1.165382,1
783,0,0.718149,1
784,0,0.64529,0
785,1,-0.203294,0
786,1,-0.328467,1
787,1,0.438091,0
788,1,1.071405,1
789,0,-1.978952,0
790,0,-0.552107,0
791,0,-1.252121,0
792,1,0.288386,0
793,0,0.111852,0
794,1,0.206843,1
795,0,-1.26785,0
796,1,-0.602065,0
797,0,0.622603,1
798,0,0.807971,0
799,1,-0.195086,0
800,1,0.011474,1
801,0,-0.73251,0
802,1,1.420705,1
803,0,-1.650005,0
804,0,-0.740326,0
805,1,1.131547,1
806,1,0.083193,0
807,1,1.31186,1
808,0,-0.386786,0
809,0,0.829271,0
810,1,0.848758,1
811,1,1.187702,1
812,0,2.418838,1
813,1,-1.524774,0
814,0,-0.578357,1
815,0,1.253517,0
816,1,1.217022,1
817,1,1.388957,1
818,0,-1.183789,0
819,0,0.627467,1
820,0,-0.988167,0
821,1,-0.776758,0
822,1,0.030865,1
823,1,1.285624,1
824,1,0.948938,1
825,1,0.084768,0
826,1,-0.46912,0
827,0,-2.120297,0
828,0,-0.338295,0
829,1,-1.819325,0
830,1,0.597672,0
831,1,0.417647,1
832,0,-2.712539,0
833,0,-0.092483,0
834,1,-0.232374,0
835,0,-1.446825,0
836,0,0.879783,0
837,1,1.979435,0
838,0,0.455298,0
839,1,-1.617511,0
840,1,-0.003447,0
841,0,-1.154719,0
842,0,0.053096,0
843,1,1.863694,1
844,0,-0.5968,0
845,1,1.287757,1
846,1,0.098855,0
847,1,0.996526,0
848,1,-0.682288,0
849,1,1.404069,1
850,1,0.231183,0
851,0,-1.519562,0
852,1,1.459123,1
853,1,0.723346,1
854,1,-0.014624,0
855,1,0.037257,1
856,1,0.331889,0
857,1,2.082871,0
858,1,-1.048771,0
859,1,0.195726,0
860,1,-0.122844,1
861,0,0.333965,1
862,1,-0.20179,0
863,1,-0.278179,1
864,0,1.773748,0
865,0,1.259914,0
866,1,-0.357454,0
867,0,0.040999,0
868,1,2.11078,1
869,1,1.634146,1
870,0,-0.462495,0
871,1,1.006607,0
872,1,0.275516,0
873,1,0.175576,0
874,1,4.089956,1
875,0,0.630859,1
876,1,-0.898603,0
877,0,2.813969,1
878,1,2.68814,1
879,1,1.333776,1
880,0,-0.028135,1
881,1,1.431924,0
882,1,0.816686,1
883,0,-0.801829,0
884,0,-1.638751,1
885,0,1.67087,1
886,1,-1.573911,0
887,0,0.471702,0
888,1,1.094546,1
889,0,0.22642,0
890,0,-1.220132,0
891,0,-0.194513,0
892,1,0.587292,0
893,1,1.303228,1
894,0,0.719898,1
895,0,-0.321182,1
896,0,-2.108562,0
897,1,0.482747,1
898,0,0.416789,1
899,0,-1.845204,0
900,0,-0.137522,0
901,0,-2.094239,0
902,0,-0.097227,1
903,1,1.597023,0
904,1,-0.987172,0
905,0,-1.251261,1
906,0,0.689234,0
907,0,0.875655,1
908,1,-0.331711,0
909,1,-0.309348,0
910,1,1.435386,1
911,0,0.156359,0
912,1,1.191896,0
913,1,0.74403,0
914,1,1.341983,1
915,1,1.740767,0
916,1,-0.334356,1
917,1,2.312023,1
918,0,-1.142794,0
919,1,1.345805,1
920,1,-0.419482,0
921,0,-0.460377,0
922,0,1.266075,0
923,1,-1.457803,0
924,1,1.090992,0
925,0,0.343626,0
926,1,0.533999,0
927,1,0.468615,1
928,1,0.130353,0
929,1,-0.450016,0
930,1,0.484139,0
931,0,-0.702716,0
932,0,0.052564,0
933,1,-1.557157,1
934,1,-0.254659,0
935,1,1.249203,1
936,1,0.176514,0
937,1,-0.31638,1
938,0,0.30108,0
939,0,-2.282643,0
940,0,1.173484,1
941,0,0.662332,0
942,1,0.295759,0
943,1,-0.810867,0
944,1,-0.534673,1
945,1,-1.086644,0
946,1,-0.415464,1
947,1,-0.057745,0
948,0,-2.577969,0
949,1,-0.773418,0
950,1,-0.426176,1
951,0,-0.730904,0
952,0,-0.462766,0
953,0,0.201651,0
954,1,-1.345734,1
955,0,-2.235057,0
956,1,0.435056,0
957,1,-0.265633,0
958,0,1.008455,0
959,0,-0.94853,0
960,0,-0.65198,1
961,0,-3.0929,0
962,1,0.650291,0
963,0,-0.939767,1
964,1,0.686776,1
965,1,0.824845,0
966,0,-1.201201,0
967,1,0.416546,1
968,1,0.917544,1
969,0,0.542578,0
970,0,1.105575,0
971,1,0.367106,0
972,1,2.068479,1
973,0,-0.287252,1
974,0,0.083794,0
975,1,1.549457,0
976,0,0.000511,0
977,0,1.724843,1
978,1,-2.149641,0
979,1,1.713035,1
980,1,0.995486,1
981,0,0.479592,1
982,0,0.588628,1
983,0,0.248217,0
984,0,-0.724718,0
985,1,0.256157,0
986,1,-0.179221,0
987,0,1.183171,1
988,1,0.864907,1
989,1,0.774969,1
990,0,0.165186,0
991,0,0.500807,0
992,1,-0.958857,0
993,0,0.384843,1
994,0,-0.49098,0
995,1,-0.301307,0
996,1,0.692434,1
997,0,-1.672735,0
998,0,-0.421461,1
999,0,1.306986,0
1000,1,0.180108,1
1001,0,0.000841,0
1002,0,-0.92722,0
1003,0,0.188706,0
1004,1,-0.207991,0
1005,1,0.036094,1
1006,1,-0.742496,0
1007,0,-0.559193,0
1008,0,0.223296,0
1009,1,-0.567452,0
1010,0,-0.049076,0
1011,1,1.024983,1
1012,1,0.986204,0
1013,1,-0.285182,1
1014,0,-1.298156,0
1015,0,-0.270888,0
1016,0,0.256647,0
1017,0,-2.1332,0
1018,0,-0.271701,0
1019,1,0.30465,1
1020,0,1.163798,0
1021,1,-1.350119,0
1022,0,1.221806,1
1023,0,-0.801295,1
1024,1,2.053922,1
1025,1,2.645116,1
1026,0,0.052756,1
1027,0,-0.511291,0
1028,0,-0.142664,0
1029,0,0.694984,1
1030,0,0.026587,0
1031,1,0.338558,0
1032,0,-1.039773,0
1033,0,-0.116297,0
1034,1,0.473263,0
1035,0,-1.059909,0
1036,1,0.844704,0
1037,0,0.564461,0
1038,0,-1.208881,0
1039,1,-0.983063,0
1040,0,-0.403851,0
1041,0,0.135056,0
1042,1,1.936102,1
1043,0,1.003879,0
1044,1,0.057264,0
1045,0,-0.583585,1
1046,0,-0.599047,1
1047,1,0.264112,1
1048,0,-0.209377,0
1049,1,1.575476,1
1050,1,0.122502,1
1051,0,0.846675,0
1052,1,0.131214,1
1053,1,-0.173947,1
1054,0,0.053501,0
1055,0,-0.37418,0
1056,0,-1.003232,0
1057,0,0.264594,1
1058,1,0.355636,1
1059,0,-0.730875,0
1060,1,-0.103449,0
1061,0,-1.989126,0
1062,1,-1.776037,0
1063,1,-1.467908,0
1064,0,-1.225217,0
1065,1,-0.12326,1
1066,1,0.178416,0
1067,1,0.605417,1
1068,1,0.519459,1
1069,0,0.670775,0
1070,0,-1.030573,0
1071,1,-1.460233,0
1072,1,2.207998,1
1073,0,-0.281501,1
1074,1,0.117961,0
1075,0,-0.212857,0
1076,1,1.025532,0
1077,0,0.428783,0
1078,0,-0.182739,0
1079,1,0.661465,1
1080,1,0.451342,0
1081,0,0.127595,0
1082,0,-0.516594,0
1083,0,0.025302,0
1084,0,1.544385,1
1085,1,1.894836,0
1086,1,0.191704,0
1087,0,-0.018579,0
1088,1,0.950882,0
1089,0,0.137492,0
1090,1,-0.431612,0
1091,0,-1.145125,0
1092,1,0.484296,0
1093,1,0.532948,0
1094,1,-0.016849,0
1095,1,1.070455,1
1096,1,-0.193473,0
1097,0,0.763822,0
1098,0,0.098039,1
1099,1,-0.701707,1
1100,1,-0.371853,1
1101,0,0.376603,0
1102,1,-1.342719,0
1103,1,1.95002,1
1104,0,-0.139307,1
1105,1,0.389678,0
1106,0,-1.038061,0
1107,0,1.011358,0
1108,1,2.166164,1
1109,1,0.78658,1
1110,0,-0.364942,1
1111,0,-0.586155,1
1112,1,-1.013743,0
1113,0,0.410529,0
1114,0,-0.791946,0
1115,1,-1.446439,0
1116,1,1.236437,1
1117,1,0.465215,0
1118,0,-1.031299,0
1119,1,1.229197,0
1120,1,-1.140748,0
1121,1,0.254266,0
1122,1,-0.440472,1
1123,0,-1.538869,0
1124,0,0.729604,0
1125,0,1.989205,1
1126,1,-0.266092,1
1127,1,-0.744881,0
1128,1,0.463226,1
1129,0,1.833669,0
1130,1,1.046889,1
1131,1,-0.511221,0
1132,1,-1.160738,0
1133,1,0.162967,0
1134,1,-1.595548,0
1135,0,-0.117013,0
1136,0,0.561166,1
1137,0,0.172304,0
1138,0,-0.790549,0
1139,1,-0.02819,1
1140,0,-1.452124,0
1141,0,-1.37042,0
1142,1,0.384469,1
1143,0,-1.076944,0
1144,0,1.024691,1
1145,0,-0.672141,0
1146,0,0.343836,0
1147,1,0.647373,1
1148,0,-1.619119,0
1149,1,0.226285,1
1150,1,-0.269014,0
1151,1,0.948758,1
1152,1,-0.305836,1
1153,1,0.743823,1
1154,1,2.347814,1
1155,1,-0.568842,0
1156,0,-1.665838,0
1157,1,-0.501243,0
1158,0,1.19553,1
1159,1,0.560139,1
1160,1,0.948013,0
1161,0,-1.422689,0
1162,1,1.354047,1
1163,1,-0.84191,0
1164,1,0.61389,1
1165,0,-0.119555,1
1166,1,1.275521,1
1167,1,1.483716,1
1168,1,0.531131,0
1169,0,-0.239502,1
1170,1,0.968104,1
1171,1,-0.044037,0
1172,1,-0.443853,1
1173,0,-1.601452,0
1174,1,1.530925,1
1175,1,-0.043248,0
1176,0,0.897376,1
1177,1,-1.456031,0
1178,0,0.116025,1
1179,0,0.475592,0
1180,0,-0.324466,0
1181,0,0.47526,1
1182,1,3.085816,1
1183,0,0.540662,0
1184,1,0.521279,0
1185,1,-0.217408,1
1186,0,-0.89122,0
1187,0,0.891862,0
1188,0,-0.8281,0
1189,1,1.507482,1
1190,0,-0.3509,1
1191,0,-1.602421,0
1192,1,0.02647,0
1193,0,-2.544883,0
1194,1,0.036267,1
1195,0,-0.60737,0
1196,1,0.060027,1
1197,1,-0.028556,0
1198,0,-2.315164,0
1199,1,1.535876,1
1200,0,-0.507349,0
1201,0,0.234463,1
1202,1,0.098063,0
1203,0,0.463431,0
1204,1,-0.661536,0
1205,0,-0.563181,0
1206,0,0.652948,0
1207,0,-1.883376,0
1208,0,-1.735379,0
1209,1,-0.983599,0
1210,1,0.301433,0
1211,0,-0.572133,0
1212,0,0.505824,0
1213,1,1.526161,0
1214,0,-0.090801,0
1215,1,1.12591,0
1216,1,0.657194,1
1217,0,-0.467948,0
1218,0,-0.857562,0
1219,1,-0.694714,0
1220,0,-0.107105,1
1221,1,0.883499,0
1222,0,-2.325884,0
1223,1,1.745619,1
1224,1,0.636102,1
1225,1,-0.294432,0
1226,1,0.884048,0
1227,0,1.841755,0
1228,1,2.109836,0
1229,0,-0.951351,0
1230,1,-0.707613,0
1231,0,-1.646882,0
1232,0,-1.399951,0
1233,1,0.821502,1
1234,0,-1.219753,0
1235,1,-1.059291,0
1236,1,-0.075011,0
1237,1,0.396022,1
1238,0,-0.96537,0
1239,0,-0.28846,1
1240,1,0.071954,1
1241,1,0.875742,1
1242,0,-0.220157,0
1243,0,0.144876,0
1244,0,0.940745,0
1245,0,-0.491215,0
1246,1,0.204336,0
1247,0,0.085975,1
1248,1,0.315314,0
1249,1,1.019975,0
1250,1,0.015542,1
1251,1,1.404383,0
1252,1,0.153877,0
1253,1,-0.45502,1
1254,1,1.175859,0
1255,1,-0.26466,0
1256,0,-0.941083,0
1257,1,-0.189991,0
1258,0,-0.178306,0
1259,1,0.854833,1
1260,0,-0.769324,1
1261,1,1.40676,0
1262,0,1.107435,1
1263,0,-0.687091,0
1264,0,-1.127372,0
1265,1,1.657777,0
1266,1,0.37247,0
1267,0,0.476623,0
1268,1,0.707876,0
1269,1,2.173918,1
1270,1,-1.210529,0
1271,0,-1.590638,0
1272,0,-0.675057,0
1273,0,2.167871,0
1274,1,1.149207,1
1275,1,3.673009,1
1276,1,-1.00123,0
1277,1,0.590191,1
1278,1,0.846999,0
1279,1,-0.704262,0
1280,1,-0.679424,1
1281,1,-0.127674,1
1282,1,-0.731646,1
1283,0,-1.181327,0
1284,1,0.730562,0
1285,0,-0.722534,0
1286,1,1.121322,0
1287,0,1.165354,1
1288,0,-0.487628,0
1289,0,-1.494939,0
1290,1,-1.201624,1
1291,0,-1.033548,0
1292,0,-0.590594,0
1293,0,0.604481,0
1294,1,0.164942,1
1295,1,0.553178,1
1296,0,-1.224311,0
1297,1,0.471677,1
1298,1,-0.197831,0
1299,0,-0.654359,0
1300,1,-0.036246,0
1301,0,-1.191847,0
1302,1,1.119102,1
1303,0,-0.617065,0
1304,0,-0.186087,0
1305,1,0.967014,1
1306,0,-1.394864,0
1307,0,0.438157,1
1308,1,0.275065,0
1309,1,-0.723975,0
1310,1,0.516479,0
1311,1,1.139638,1
1312,0,0.885896,0
1313,1,0.938071,1
1314,0,-1.718671,0
1315,1,0.652092,1
1316,0,-0.827638,0
1317,1,-0.013468,0
1318,0,0.035208,0
1319,0,1.207305,0
1320,0,0.873357,1
1321,1,1.865928,1
1322,0,-0.475061,0
1323,0,-0.434684,0
1324,0,0.254384,0
1325,0,-1.727016,0
1326,0,1.107327,1
1327,0,-0.83639,0
1328,0,0.311679,1
1329,0,-0.703249,0
1330,0,-1.626786,0
1331,1,1.449681,1
1332,1,0.756147,1
1333,0,0.21457,0
1334,0,-0.601523,0
1335,1,-0.174547,0
1336,0,-0.791668,0
1337,1,1.370272,1
1338,1,0.075146,1
1339,0,-0.026474,0
1340,1,1.314873,1
1341,1,0.259683,0
1342,0,0.741033,1
1343,0,2.531199,1
1344,0,-1.845959,0
1345,0,0.13758,1
1346,1,-0.72042,0
1347,0,0.572214,0
1348,1,-0.726764,0
1349,1,-1.017265,0
1350,1,-0.115596,0
1351,1,0.727048,1
1352,1,0.891235,1
1353,0,-1.070272,0
1354,0,-0.284802,0
1355,1,-1.31769,0
1356,1,-0.45857,0
1357,1,0.794023,1
1358,0,-0.600255,0
1359,1,-0.004953,1
1360,0,1.206709,1
1361,0,-0.685622,1
1362,0,-0.806664,0
1363,0,-0.445559,1
1364,1,0.661127,0
1365,0,0.806327,0
1366,0,-0.894114,0
1367,0,-1.791024,0
1368,1,0.591887,1
1369,1,-0.427801,0
1370,0,0.722268,1
1371,1,1.178349,1
1372,0,0.751031,0
1373,0,0.763698,1
1374,1,0.782513,0
1375,0,-0.416195,0
1376,1,-1.114144,0
1377,0,-0.652566,0
1378,0,-0.131115,1
1379,0,-0.234088,1
1380,0,-0.073715,0
1381,1,0.18399,1
1382,1,0.373021,1
1383,0,-0.539063,0
1384,1,-0.787796,1
1385,0,-0.651923,0
1386,1,0.420015,0
1387,1,1.62059,0
1388,0,-0.847023,0
1389,0,1.432092,1
1390,0,0.785476,1
1391,1,-0.218785,0
1392,1,-0.470623,0
1393,1,-0.586361,0
1394,1,0.268893,1
1395,1,0.889399,1
1396,1,-0.010924,0
1397,1,0.512805,0
1398,0,0.337469,0
1399,0,0.245008,0
1400,1,0.372172,1
1401,1,1.751296,1
1402,1,0.734285,1
1403,0,-0.066793,0
1404,1,-1.523547,0
1405,0,-0.656999,0
1406,1,-0.219955,0
1407,1,0.883167,1
1408,1,0.414695,1
1409,0,-0.156221,0
1410,0,-0.856953,0
1411,0,-0.283494,0
1412,0,-0.396881,0
1413,1,0.901569,0
1414,1,2.762536,1
1415,1,-1.080561,0
1416,1,0.015028,1
1417,0,0.121515,1
1418,1,-1.476184,0
1419,1,-0.252868,0
1420,1,0.012071,1
1421,0,-0.701113,0
1422,0,-1.172308,0
1423,1,1.130488,1
1424,0,-0.060234,0
1425,0,-1.858008,0
1426,1,0.164176,0
1427,0,-0.472381,0
1428,1,-0.869855,1
1429,0,-0.030069,0
1430,0,-0.534423,0
1431,1,0.027578,0
1432,0,-0.426437,0
1433,1,0.001182,0
1434,0,-1.430075,0
1435,0,-0.732909,0
1436,0,0.652159,1
1437,1,1.881455,1
1438,0,-0.94917,1
1439,0,-0.284562,0
1440,1,-1.018561,0
1441,0,0.489681,1
1442,1,0.872131,0
1443,0,1.290357,1
1444,0,-0.52426,0
1445,1,0.856059,1
1446,0,-0.365438,0
1447,1,1.165416,1
1448,1,-0.519923,0
1449,0,0.486236,1
1450,0,-0.296397,0
1451,1,0.660035,0
1452,0,-0.22056,0
1453,1,0.416471,0
1454,0,-1.281499,1
1455,0,-2.166588,0
1456,1,-0.664974,1
1457,0,-1.081152,0
1458,1,0.247638,0
1459,1,-1.558141,0
1460,1,0.709448,1
1461,0,-0.590438,0
1462,0,1.201465,1
1463,0,-1.539102,0
1464,0,-0.073311,0
1465,1,1.834569,1
1466,1,0.17873,0
1467,0,0.861858,1
1468,1,2.647046,1
1469,0,-0.645139,0
1470,1,0.672823,0
1471,0,-0.919403,0
1472,1,0.365814,1
1473,1,2.098753,1
1474,0,-0.191786,0
1475,1,0.247249,0
1476,0,-0.484225,0
1477,1,0.554027,0
1478,1,0.200082,1
1479,1,-0.598558,0
1480,0,0.252135,0
1481,0,-1.374483,0
1482,0,-0.531974,0
1483,1,0.397033,1
1484,1,1.977222,1
1485,0,-2.417589,0
1486,0,0.514826,0
1487,0,-0.203345,0
1488,0,-0.142681,0
1489,0,-1.721482,1
1490,0,-0.517624,0
1491,1,0.381129,1
1492,0,-0.448241,0
1493,0,-0.422347,1
1494,0,-0.1522,0
1495,1,-1.576484,0
1496,0,-0.846776,0
1497,1,-0.49052,0
1498,0,-0.237809,0
1499,0,-0.212719,0
1500,0,0.521434,1
1501,0,-1.31248,0
1502,0,-0.695811,0
1503,1,0.980409,1
1504,1,1.197767,1
1505,0,-1.10917,0
1506,1,1.08488,0
1507,1,0.706625,1
1508,1,0.363895,0
1509,1,1.547749,1
1510,0,0.416105,0
1511,0,-0.973316,0
1512,1,1.787509,1
1513,0,-1.386196,0
1514,0,0.073937,0
1515,1,0.226759,0
1516,1,-0.133718,0
1517,0,0.125791,0
1518,0,-0.811457,0
1519,0,0.09564,0
1520,0,-1.193153,0
1521,0,-0.348332,0
1522,1,-0.000824,0
1523,0,-1.091586,0
1524,1,-1.402671,0
1525,0,-0.745622,0
1526,0,-0.863061,0
1527,0,-0.681852,0
1528,1,-0.291619,0
1529,0,-1.457285,0
1530,1,0.321144,1
1531,1,-0.097922,0
1532,0,-0.056013,0
1533,0,1.220157,1
1534,0,0.712507,0
1535,0,1.21161,1
1536,0,0.145721,0
1537,1,1.001662,1
1538,0,-1.065106,0
1539,0,0.121196,0
1540,0,-0.524834,0
1541,1,-0.090943,0
1542,0,0.549085,0
1543,1,0.182453,1
1544,1,-1.318498,1
1545,1,-1.374515,0
1546,0,0.997684,1
1547,0,-0.610524,0
1548,1,-0.70833,0
1549,0,-0.30532,0
1550,0,0.103132,1
1551,0,-0.339889,1
1552,1,-0.035071,0
1553,1,-1.323024,0
1554,1,1.267067,0
1555,1,0.743817,1
1556,1,1.379529,1
1557,1,0.433598,0
1558,0,-0.802838,0
1559,1,-0.094219,1
1560,0,-1.327502,0
1561,0,-0.433476,0
1562,0,0.510011,0
1563,1,0.237936,0
1564,0,-0.811924,0
1565,1,0.513059,0
1566,0,-0.395069,0
1567,0,0.552553,0
1568,0,-0.286164,1
1569,0,-2.040996,0
1570,0,-0.021197,0
1571,1,1.062477,0
1572,1,0.210561,1
1573,1,1.475171,1
1574,1,1.450968,1
1575,1,0.482942,0
1576,0,0.053805,0
1577,0,0.421359,1
1578,1,-1.538079,0
1579,0,-1.642845,0
1580,0,0.428565,1
1581,1,0.32404,0
1582,1,-1.220413,0
1583,0,0.947478,0
1584,1,1.601756,1
1585,1,0.161992,0
1586,0,0.402661,0
1587,0,-0.003589,0
1588,1,0.448067,1
1589,0,-0.932243,0
1590,1,1.11356,1
1591,1,0.170558,1
1592,1,-0.433873,0
1593,1,-0.933073,0
1594,0,-0.649514,0
1595,0,-0.895917,0
1596,1,0.09148,1
1597,1,0.084005,1
1598,1,-0.408272,0
1599,1,1.104229,0
1600,0,0.173833,0
1601,0,-0.519342,0
1602,1,1.07534,1
1603,1,-1.278664,0
1604,0,-0.616902,0
1605,0,0.15068,0
1606,1,-0.729708,0
1607,1,0.017418,0
1608,0,-1.346504,1
1609,0,0.73132,0
1610,1,0.388199,0
1611,1,-0.635419,0
1612,1,-0.054043,0
1613,1,-2.060032,1
1614,1,0.588265,1
1615,1,0.637675,0
1616,1,0.946179,1
1617,0,-0.743583,0
1618,1,0.9633,1
1619,1,-0.070047,1
1620,1,1.05188,1
1621,0,-0.44513,0
1622,1,0.079532,0
1623,1,-3.203979,0
1624,0,-1.683893,0
1625,1,0.687779,0
1626,0,-0.101326,0
1627,0,-0.193936,0
1628,1,-0.684484,0
1629,1,-0.061165,0
1630,0,-0.025322,0
1631,0,1.442071,0
1632,0,-0.319365,0
1633,1,-1.073252,0
1634,0,1.045764,0
1635,1,-1.208211,0
1636,0,-0.528846,0
1637,0,-0.86056,0
1638,0,-0.325299,1
1639,1,1.516584,0
1640,0,-1.596645,0
1641,0,0.203182,0
1642,0,-0.237401,0
1643,1,0.930453,1
1644,1,-1.183596,0
1645,1,0.931178,0
1646,1,0.247736,1
1647,1,0.105674,0
1648,1,0.40405,0
1649,0,-0.795668,0
1650,1,-0.364809,0
1651,1,-0.941329,0
1652,0,0.977885,0
1653,0,0.617747,0
1654,0,-0.752005,0
1655,1,0.136192,0
1656,1,-0.878637,0
1657,0,-1.202667,0
1658,1,-1.31052,0
1659,0,1.635831,1
1660,0,-0.319636,0
1661,0,-0.639701,0
1662,1,-0.452338,1
1663,0,-2.12292,0
1664,0,-2.472489,0
1665,0,-0.983726,0
1666,1,-0.773212,0
1667,1,0.017344,1
1668,1,0.72209,1
1669,1,0.583262,1
1670,0,-1.518014,0
1671,0,-0.289028,0
1672,0,0.589186,1
1673,0,0.836916,1
1674,1,1.065438,1
1675,0,-0.438793,0
1676,0,1.720774,1
1677,1,0.565994,1
1678,1,1.552733,0
1679,0,0.127289,1
1680,1,-0.690993,0
1681,1,1.099736,1
1682,1,-1.36514,0
1683,1,0.290315,0
1684,0,0.382563,0
1685,0,-0.422313,1
1686,1,-0.974403,1
1687,1,-0.734969,1
1688,0,0.497099,0
1689,1,0.748486,1
1690,0,0.405662,1
1691,1,0.923308,1
1692,0,0.161179,0
1693,0,-0.383511,0
1694,1,0.878037,1
1695,0,-1.501097,0
1696,0,-0.450481,0
1697,0,0.477458,0
1698,0,-0.005844,0
1699,0,-1.469156,0
1700,0,-1.675996,0
1701,1,0.970304,0
1702,1,0.622614,1
1703,1,-0.475955,0
1704,1,-0.009707,0
1705,0,-1.389958,0
1706,0,-0.72703,1
1707,0,0.018349,1
1708,1,0.475708,0
1709,0,-0.682227,0
1710,0,0.163502,0
1711,0,-1.106073,0
1712,0,0.640659,0
1713,0,0.961633,0
1714,1,-1.276465,0
1715,0,-1.796836,0
1716,1,-0.035547,1
1717,1,0.348631,1
1718,0,-0.779022,0
1719,1,0.198364,1
1720,0,-0.496697,1
1721,0,1.846542,0
1722,1,0.145433,1
1723,0,-0.350886,0
1724,0,-0.173573,0
1725,0,-0.073674,0
1726,1,0.795698,0
1727,1,-0.432564,0
1728,1,1.282153,1
1729,1,0.057984,1
1730,0,-0.655798,0
1731,0,0.155121,1
1732,0,-1.438826,0
1733,0,0.031661,0
1734,1,-0.159373,1
1735,0,0.346424,0
1736,0,0.81013,1
1737,0,-0.032382,0
1738,1,-0.384711,1
1739,0,-0.414289,0
1740,0,0.520707,0
1741,1,-0.854521,0
1742,1,1.329442,0
1743,0,0.123267,0
1744,0,-0.286807,0
1745,0,-0.258658,0
1746,0,-0.740504,0
1747,0,0.386039,0
1748,1,-0.335784,0
1749,0,-0.260062,0
1750,0,1.771652,0
1751,0,0.273305,1
1752,1,2.337226,1
1753,0,-1.516561,0
1754,0,0.608886,0
1755,1,-1.205739,1
1756,0,-1.170373,0
1757,1,1.215178,1
1758,0,-0.99891,0
1759,0,-0.366923,0
1760,0,-1.142829,0
1761,0,-1.275904,0
1762,0,-1.638123,0
1763,0,-0.85156,1
1764,0,1.009706,1
1765,1,1.919698,1
1766,0,0.040445,0
1767,0,-0.516317,0
1768,0,-1.048034,0
1769,1,0.725511,1
1770,1,1.418003,1
1771,1,0.736056,1
1772,0,0.960498,0
1773,0,-1.197612,0
1774,1,-0.313149,0
1775,0,2.077303,1
1776,1,-0.075767,1
1777,0,0.451575,1
1778,0,-0.033279,1
1779,0,-0.09858,1
1780,0,-1.318168,0
1781,1,2.017035,1
1782,1,0.275212,0
1783,0,-2.769606,0
1784,1,-0.224851,0
1785,0,1.263349,1
1786,1,0.396652,0
1787,1,1.96156,1
1788,1,-0.365983,1
1789,1,0.185598,1
1790,1,-0.790938,0
1791,1,-1.157364,1
1792,1,-0.17943,0
1793,0,0.680165,0
1794,0,-0.146187,0
1795,0,-0.332721,0
1796,1,0.190216,1
1797,1,1.353533,1
1798,1,0.119945,0
1799,1,0.362081,1
1800,1,0.070572,0
1801,1,0.495922,1
1802,0,-0.708972,1
1803,0,-1.361712,0
1804,1,0.122348,0
1805,1,0.684964,1
1806,0,0.420345,0
1807,0,-2.212386,0
1808,0,0.499783,0
1809,1,-1.119603,0
1810,1,-1.138225,0
1811,0,-1.267853,0
1812,0,-0.868934,0
1813,0,0.037511,0
1814,1,-0.144564,1
1815,0,-0.983357,1
1816,0,-0.990587,0
1817,1,0.089506,0
1818,1,-0.304571,0
1819,1,-0.636286,1
1820,1,2.584924,1
1821,1,-0.824662,0
1822,0,-0.137028,0
1823,1,-0.548235,0
1824,1,-0.112594,0
1825,0,-1.557072,0
1826,0,0.114933,0
1827,0,0.607755,0
1828,1,0.028025,1
1829,0,-1.384065,0
1830,0,0.246968,1
1831,1,-0.840193,0
1832,1,1.044932,1
1833,0,-0.412294,1
1834,1,-0.756597,1
1835,1,-0.178783,1
1836,0,-0.136565,0
1837,1,-0.372687,1
1838,1,0.466554,1
1839,0,-0.90952,1
1840,0,-0.130211,0
1841,1,0.783023,0
1842,1,1.045187,1
1843,0,-0.59059,0
1844,1,-0.122212,1
1845,1,-0.32221,1
1846,0,1.062628,0
1847,0,0.935875,0
1848,0,-2.179363,0
1849,0,-2.287646,0
1850,0,1.470535,1
1851,0,2.753314,1
1852,1,-0.644739,0
1853,0,-1.649979,0
1854,1,-1.876237,0
1855,0,0.208055,0
1856,0,-1.419827,0
1857,1,0.098459,1
1858,1,0.284032,1
1859,1,0.844016,1
1860,1,-0.434357,1
1861,0,-0.113751,0
1862,0,-0.896941,0
1863,1,1.180768,0
1864,1,1.212287,1
1865,1,0.74212,0
1866,0,1.205486,1
1867,1,-1.235107,0
1868,1,0.298617,0
1869,1,-0.329662,1
1870,1,0.92922,0
1871,0,-0.340914,0
1872,1,0.670326,1
1873,0,0.1401,0
1874,0,-0.198695,0
1875,0,-1.744088,0
1876,1,0.481409,1
1877,1,-0.689274,1
1878,1,0.338442,0
1879,1,0.94156,1
1880,0,-0.967729,0
1881,0,-0.313604,0
1882,1,0.263254,1
1883,1,0.145307,1
1884,0,0.53537,0
1885,0,0.036415,0
1886,0,1.16321,0
1887,1,0.801555,0
1888,1,-0.607242,0
1889,0,-2.12327,0
1890,1,0.166306,1
1891,0,1.8881,1
1892,1,0.387968,0
1893,0,0.336762,0
1894,0,0.147826,0
1895,0,-0.989841,0
1896,0,0.165425,0
1897,1,1.282679,1
1898,0,1.290342,0
1899,1,1.212114,0
1900,0,1.132722,1
1901,0,-1.80485,0
1902,1,-0.181869,0
1903,0,0.047881,1
1904,1,-0.279346,1
1905,0,-0.805532,0
1906,1,0.716925,1
1907,0,0.209356,1
1908,1,1.328095,1
1909,1,0.878291,0
1910,1,-0.929078,0
1911,1,1.641627,0
1912,1,0.878123,1
1913,0,-0.730791,0
1914,1,0.196729,0
1915,0,-1.31869,0
1916,0,-0.57501,0
1917,1,0.901592,1
1918,0,-1.175492,0
1919,1,-0.69055,0
1920,1,0.712695,1
1921,1,-1.091282,0
1922,1,-0.030879,1
1923,1,1.039828,1
1924,0,-0.967883,1
1925,1,1.617968,1
1926,0,-1.153447,0
1927,1,0.759699,1
1928,1,0.247484,0
1929,1,0.254586,0
1930,0,1.29227,0
1931,1,-0.048806,1
1932,1,1.85056,1
1933,0,-0.925895,0
1934,1,0.967279,1
1935,1,-0.389614,0
1936,0,-0.444663,0
1937,1,1.322362,1
1938,1,0.124782,0
1939,1,1.237871,1
1940,1,1.10024,1
1941,0,0.191599,0
1942,0,0.1486,1
1943,1,-0.066419,0
1944,0,0.373362,0
1945,0,0.066371,0
1946,1,-1.590608,0
1947,1,0.675715,1
1948,0,0.281624,1
1949,0,-1.469057,0
1950,1,-1.01773,0
1951,0,-0.730053,0
1952,1,0.608806,0
1953,0,0.098424,0
1954,1,0.109053,0
1955,0,1.294601,0
1956,1,-1.569064,0
1957,1,-1.636348,0
1958,1,-0.289367,1
1959,0,-0.492004,1
1960,1,0.895241,1
1961,0,1.340569,0
1962,0,-0.821236,0
1963,0,1.738036,0
1964,0,0.00122,0
1965,1,0.634842,1
1966,0,-1.480072,0
1967,1,0.278948,1
1968,1,-1.211014,1
1969,1,-0.49935,0
1970,1,0.807495,1
1971,1,1.406827,1
1972,0,0.632911,0
1973,1,0.698348,0
1974,1,0.689632,0
1975,0,-0.752765,0
1976,0,0.706863,0
1977,1,0.901645,1
1978,1,1.032978,1
1979,0,0.8645,1
1980,1,1.226245,1
1981,1,-0.143583,1
1982,1,1.163319,0
1983,1,2.21029,1
1984,0,0.303021,0
1985,1,0.432868,1
1986,1,0.146239,0
1987,0,-1.559507,0
1988,0,-1.468941,0
1989,1,0.679424,0
1990,1,1.476585,0
1991,0,-0.867619,0
1992,0,-0.259027,1
1993,0,0.064521,0
1994,0,-0.813214,0
1995,0,-1.024301,0
1996,1,0.50141,1
1997,1,0.062223,1
1998,0,-0.30586,0
1999,1,0.015988,0
2000,0,-1.335809,0
2001,1,0.895294,0
2002,1,-0.040136,0
2003,1,0.679095,1
2004,1,0.642917,1
2005,1,0.05812,1
2006,0,-0.503816,0
2007,0,-0.352089,0
2008,0,-1.319839,1
2009,1,-0.371344,0
2010,1,1.141398,0
2011,0,-0.145686,0
2012,0,-1.188749,0
2013,1,3.055416,1
2014,0,0.304958,1
2015,0,0.118894,0
2016,0,0.14297,0
2017,0,-0.907623,0
2018,1,0.874919,1
2019,0,-0.88734,0
2020,0,0.476987,1
2021,1,-1.288265,0
2022,1,0.004602,0
2023,1,0.5943,1
2024,0,-1.487911,0
2025,0,0.530565,1
2026,0,-0.262621,0
2027,0,0.363638,0
2028,1,0.378414,1
2029,0,-0.1539,0
2030,1,0.779373,1
2031,1,1.041073,1
2032,0,-0.071786,0
2033,0,-0.061722,0
2034,0,-1.934457,1
2035,1,0.31409,0
2036,1,1.453612,1
2037,0,-1.153821,0
2038,1,-1.17832,0
2039,1,0.902878,0
2040,1,1.314713,0
2041,1,1.01467,0
2042,1,1.090825,1
2043,1,-0.05259,0
2044,1,0.272891,0
2045,0,-1.629524,0
2046,0,-0.988046,1
2047,1,-0.109305,0
2048,1,0.566908,1
2049,0,-2.532655,0
2050,1,0.53758,0
2051,0,-0.381283,0
2052,1,0.449519,1
2053,0,0.476809,1
2054,1,1.47803,1
2055,0,-2.77002,0
2056,1,-1.184939,0
2057,1,0.345824,1
2058,0,-1.070059,0
2059,1,-1.269878,0
2060,1,-0.280885,0
2061,1,1.081885,0
2062,0,-0.323994,0
2063,1,0.461508,0
2064,1,2.220065,0
2065,1,0.373979,0
2066,0,-0.265811,1
2067,1,0.868003,0
2068,0,-0.198761,1
2069,1,1.174623,0
2070,1,-0.456114,1
2071,0,0.442104,1
2072,1,-0.883294,0
2073,0,-1.036953,0
2074,0,1.077898,0
2075,0,1.253204,1
2076,1,0.484796,1
2077,1,1.136846,1
2078,0,0.49552,1
2079,1,1.563421,1
2080,1,0.257464,1
2081,0,-0.720823,0
2082,0,0.321378,0
2083,1,1.920531,1
2084,0,0.647681,1
2085,0,-0.712036,0
2086,0,-0.06431,0
2087,1,-0.07346,0
2088,1,1.479625,1
2089,1,2.101772,1
2090,1,1.171453,1
2091,1,0.174652,1
2092,1,0.335234,0
2093,1,0.641857,1
2094,0,-1.426752,0
2095,1,-0.537205,1
2096,1,0.561605,0
2097,1,-0.969736,0
2098,1,1.611887,1
2099,0,1.560404,0
2100,0,0.347929,0
2101,0,0.158605,0
2102,1,0.928267,0
2103,0,-1.046326,0
2104,0,0.097617,0
2105,0,-0.273575,0
2106,1,-0.986651,1
2107,0,-0.983436,0
2108,1,1.813062,0
2109,1,0.218206,0
2110,0,-0.629077,0
2111,1,0.492102,1
2112,0,0.250667,1
2113,1,0.361246,0
2114,0,-0.56808,1
2115,0,-1.542718,0
2116,0,0.334865,0
2117,1,-0.813375,0
2118,1,0.495248,1
2119,1,-0.888559,1
2120,1,-0.138594,0
2121,1,-0.226864,0
2122,1,0.029424,1
2123,1,-1.437779,0
2124,0,-1.516508,0
2125,1,0.677193,1
2126,0,-1.337324,0
2127,0,0.598992,0
2128,0,0.957399,0
2129,1,1.419135,1
2130,0,1.31371,1
2131,1,-0.833638,1
2132,0,1.415,1
2133,1,0.917963,1
2134,0,-1.342335,0
2135,1,1.280042,1
2136,1,-0.141559,1
2137,0,0.662334,0
2138,0,1.784831,1
2139,0,-1.252514,0
2140,1,-0.08168,1
2141,0,0.15369,1
2142,0,-0.205246,0
2143,0,-0.367998,0
2144,0,1.232632,1
2145,0,-0.315604,0
2146,0,-1.405345,0
2147,0,-2.168969,0
2148,0,-0.26851,0
2149,0,0.191663,0
2150,1,1.004334,1
2151,1,0.829366,1
2152,0,-1.039654,0
2153,0,0.879633,1
2154,1,0.275683,0
2155,1,-0.498063,0
2156,0,-0.572026,0
2157,1,-0.621875,0
2158,1,-0.289482,0
2159,0,-0.218074,0
2160,1,0.941622,0
2161,0,0.360208,1
2162,0,1.11298,1
2163,1,1.009994,1
2164,0,-0.599575,0
2165,0,-0.316005,0
2166,0,-1.309967,0
2167,0,1.382524,0
2168,0,-0.381428,0
2169,1,1.509494,1
2170,0,0.463887,0
2171,1,-0.683089,1
2172,1,0.380145,0
2173,0,1.209487,0
2174,1,-0.236279,1
2175,1,0.43463,1
2176,1,-0.240648,1
2177,0,-0.852144,0
2178,0,-0.458513,0
2179,1,0.29855,0
2180,0,0.683622,1
2181,0,0.179373,1
2182,0,-1.101031,0
2183,1,-1.092198,0
2184,0,-0.777512,0
2185,0,-0.453058,0
2186,0,-0.992985,0
2187,1,0.125542,0
2188,1,0.455838,0
2189,0,-2.007149,0
2190,0,-1.154164,0
2191,1,1.876758,1
2192,1,0.275935,1
2193,0,0.449291,1
2194,1,1.677178,1
2195,1,-2.466644,1
2196,1,0.459026,0
2197,0,-1.546369,0
2198,0,0.079701,1
2199,0,-1.147171,0
2200,1,-0.178192,0
2201,1,-1.856906,1
2202,1,1.100249,1
2203,1,0.75738,1
2204,0,-0.387963,1
2205,1,1.861787,1
2206,0,-0.018864,0
2207,0,0.064061,1
2208,1,0.21969,0
2209,1,0.375995,0
2210,1,0.591584,0
2211,1,-0.561746,0
2212,0,1.009738,0
2213,0,-0.746689,0
2214,0,0.63544,1
2215,1,-1.743875,0
2216,1,1.033003,1
2217,0,0.710562,1
2218,1,-1.120398,0
2219,0,0.240254,0
2220,1,-0.51299,1
2221,1,-1.710007,1
2222,1,0.0624,1
2223,0,-0.085325,0
2224,1,-0.913718,0
2225,0,-0.656942,0
2226,1,-0.649655,1
2227,0,0.615336,1
2228,1,0.407241,0
2229,0,0.913605,0
2230,1,1.369658,1
2231,0,-0.559899,0
2232,1,-0.341422,1
2233,1,0.904363,1
2234,1,-0.898773,0
2235,0,0.838703,0
2236,1,0.575525,0
2237,1,0.208891,1
2238,1,1.185496,0
2239,0,-1.95253,0
2240,1,-1.049943,0
2241,0,0.355398,0
2242,1,1.579259,1
2243,1,-0.453159,0
2244,1,0.043228,1
2245,0,-1.123702,0
2246,1,0.915344,1
2247,1,1.778082,1
2248,1,0.480224,0
2249,1,0.682969,1
2250,1,0.704287,0
2251,1,1.18294,1
2252,1,-0.395416,0
2253,0,0.22506,0
2254,0,-0.4144,0
2255,1,0.401967,0
2256,0,-0.024288,0
2257,0,-0.847058,0
2258,0,-0.430114,0
2259,0,-0.043788,0
2260,0,-2.202404,0
2261,1,-0.784536,0
2262,0,0.276434,1
2263,0,0.855197,0
2264,0,-1.588037,0
2265,0,-0.891334,0
2266,1,-1.539868,0
2267,1,1.794381,1
2268,1,-0.216558,1
2269,1,0.470313,1
2270,1,1.226687,1
2271,1,1.435483,0
2272,0,-1.028365,0
2273,1,0.675116,1
2274,1,1.406469,0
2275,0,-0.123859,1
2276,1,0.161021,0
2277,1,2.868638,1
2278,0,0.552839,1
2279,1,-0.468051,0
2280,1,2.045479,1
2281,0,0.9759,1
2282,1,-0.303808,0
2283,1,-0.501472,1
2284,1,-0.216304,0
2285,1,-1.615681,0
2286,0,-0.191097,1
2287,1,1.25422,1
2288,1,1.461535,1
2289,0,-0.188117,1
2290,1,0.402258,0
2291,1,0.058104,0
2292,0,0.455369,0
2293,1,-0.178498,1
2294,0,1.315996,1
2295,1,-0.527303,0
2296,1,-0.165697,0
2297,1,-0.739878,0
2298,1,0.105768,1
2299,1,0.919395,1
2300,1,-0.351916,1
2301,1,0.956889,1
2302,0,-1.339882,0
2303,0,-0.869367,0
2304,1,-0.143336,0
2305,0,1.111153,1
2306,0,-1.323035,0
2307,0,0.709759,0
2308,0,0.414594,0
2309,1,0.146755,0
2310,1,-0.895461,0
2311,1,-1.055443,0
2312,1,1.596269,1
2313,1,-1.448253,0
2314,1,0.7972,1
2315,0,0.932438,1
2316,1,-0.461013,0
2317,1,-0.172549,0
2318,0,-0.646118,0
2319,1,0.135635,1
2320,1,-0.584348,1
2321,1,-0.385945,0
2322,1,0.488362,1
2323,0,1.716792,1
2324,0,0.794916,1
2325,1,0.955881,0
2326,1,1.389267,0
2327,0,-1.896444,0
2328,0,-0.595514,0
2329,0,-0.56745,1
2330,0,-0.512703,1
2331,0,0.400814,0
2332,1,-0.757693,0
2333,1,-0.625974,0
2334,0,0.342531,1
2335,0,-0.942831,0
2336,1,-1.384975,0
2337,0,0.166886,0
2338,1,0.321594,1
2339,0,0.355641,0
2340,0,-1.352094,0
2341,0,-0.749756,0
2342,0,0.713895,0
2343,0,-1.34156,0
2344,1,0.066146,1
2345,1,-0.108811,0
2346,0,0.844048,0
2347,0,0.133263,1
2348,0,0.085932,0
2349,1,0.589667,1
2350,1,0.333939,0
2351,0,-0.58205,0
2352,0,0.064447,0
2353,1,2.243319,1
2354,1,-0.126834,0
2355,0,0.642548,0
2356,1,-0.122215,0
2357,0,2.823773,1
2358,0,-1.244598,0
2359,1,1.123225,1
2360,0,-1.77098,0
2361,1,-0.580953,0
2362,0,-0.442171,0
2363,1,-0.272097,0
2364,1,0.018765,0
2365,1,-0.000332,1
2366,0,0.701889,0
2367,0,-0.346038,0
2368,1,-0.020668,0
2369,1,0.759602,1
2370,1,-0.311011,1
2371,1,-0.097616,1
2372,0,-1.557301,0
2373,0,0.201994,0
2374,0,0.560694,0
2375,1,0.196825,1
2376,0,0.047006,1
2377,0,-0.691584,0
2378,0,-0.10609,0
2379,0,0.885008,1
2380,1,1.747581,1
2381,1,0.162646,0
2382,1,0.852995,0
2383,1,0.389921,0
2384,0,-0.607336,1
2385,0,-1.075336,0
2386,1,-0.167563,1
2387,0,-0.414571,0
2388,1,0.16447,0
2389,0,0.621007,1
2390,0,0.203109,0
2391,1,-0.641387,0
2392,1,-0.492691,1
2393,1,0.493121,0
2394,1,1.060661,1
2395,1,-0.456572,0
2396,0,0.803715,1
2397,1,-0.221581,0
2398,1,1.07803,0
2399,0,-0.326216,0
2400,1,0.020119,0
2401,0,-0.891652,0
2402,0,2.179085,1
2403,1,-0.194362,0
2404,0,0.366014,0
2405,0,1.814473,1
2406,0,0.030043,0
2407,0,-0.123569,0
2408,1,-0.268348,0
2409,1,0.301598,0
2410,1,0.718906,1
2411,0,-0.738493,0
2412,1,0.944079,0
2413,0,-0.334876,0
2414,1,0.774113,1
2415,1,-0.48701,0
2416,0,-1.203772,0
2417,0,0.406978,0
2418,0,-0.670248,0
2419,0,0.119999,0
2420,0,-2.974116,0
2421,1,-0.443143,0
2422,0,-1.046473,0
2423,1,0.651029,0
2424,1,0.299451,1
2425,1,0.301336,1
2426,1,1.200075,1
2427,1,1.33217,1
2428,0,0.965112,1
2429,1,2.52461,1
2430,0,-0.126047,0
2431,0,-0.55416,0
2432,0,0.119447,1
2433,0,-1.397613,0
2434,0,-0.028361,0
2435,0,-1.484012,0
2436,1,0.124467,1
2437,1,-1.347188,0
2438,1,-0.12915,1
2439,1,0.206181,1
2440,0,-0.688103,0
2441,0,-0.715832,0
2442,0,1.395059,1
2443,0,0.133183,0
2444,0,1.582891,0
2445,1,-0.369271,1
2446,0,0.801978,0
2447,1,-0.762621,0
2448,1,0.723213,1
2449,1,-0.311962,0
2450,0,-0.751483,0
2451,1,-0.03517,1
2452,1,-0.543745,0
2453,0,0.210874,1
2454,0,-1.775584,0
2455,1,1.626036,0
2456,0,-0.588315,1
2457,1,-0.213864,0
2458,0,-1.259413,0
2459,1,-0.799443,0
2460,0,-0.556252,0
2461,0,-1.449153,0
2462,0,-0.584101,0
2463,1,-0.247322,0
2464,0,-1.685647,0
2465,0,0.242645,1
2466,1,1.117683,1
2467,1,-1.005851,0
2468,1,2.20532,1
2469,1,-0.779347,0
2470,0,0.689175,0
2471,1,0.317378,0
2472,1,2.310549,1
2473,1,-0.681178,0
2474,0,-0.615176,0
2475,1,-0.172485,1
2476,1,-1.384679,0
2477,0,-0.133062,1
2478,1,0.913577,1
2479,0,-0.698298,0
2480,0,1.136293,0
2481,1,-0.160056,1
2482,1,0.786952,0
2483,0,-0.27091,0
2484,1,-1.062898,0
2485,0,0.140559,0
2486,0,0.125826,0
2487,1,-1.207337,0
2488,1,0.126521,0
2489,0,-2.033238,0
2490,0,-0.365616,0
2491,0,-2.721295,0
2492,1,0.783265,0
2493,0,-0.956414,0
2494,0,0.627665,0
2495,0,0.474998,0
2496,1,0.451144,1
2497,1,-1.140469,0
2498,0,-0.925362,0
2499,0,-1.091586,0
2500,1,0.886243,0
2501,0,0.315512,1
2502,0,0.544467,0
2503,1,0.694878,1
2504,0,-0.247964,0
2505,0,-0.887826,0
2506,1,0.181049,1
2507,1,-1.254674,0
2508,1,-0.530646,1
2509,0,-0.734399,0
2510,0,-0.691899,0
2511,1,-0.374507,0
2512,0,-2.326998,0
2513,1,-0.647724,0
2514,0,-1.07551,0
2515,0,-0.480885,1
2516,0,0.025812,0
2517,0,-0.9204,0
2518,1,0.207555,1
2519,1,1.39599,1
2520,0,-0.961985,0
2521,1,0.803922,1
2522,0,-0.506393,1
2523,1,-0.138915,0
2524,0,-0.344609,0
2525,0,-2.764593,0
2526,1,-0.177823,0
2527,1,0.355165,1
2528,1,0.379572,0
2529,1,-0.604,0
2530,1,-0.710397,1
2531,1,-0.629873,0
2532,0,-0.546751,0
2533,0,0.605247,0
2534,0,-0.667246,0
2535,1,0.517838,1
2536,1,1.428548,1
2537,0,1.342885,0
2538,0,1.093702,0
2539,1,-0.886387,0
2540,0,1.981155,1
2541,0,-0.939705,0
2542,0,-1.296228,0
2543,1,-0.563367,0
2544,1,0.831974,1
2545,1,-1.776153,0
2546,0,-0.207742,0
2547,1,1.536236,0
2548,1,0.331744,1
2549,1,-1.647607,0
2550,1,1.850107,1
2551,0,-2.508995,0
2552,1,-0.290392,0
2553,1,0.644183,1
2554,1,-0.095176,1
2555,1,0.251574,1
2556,1,-0.039407,1
2557,1,0.007572,0
2558,1,2.178944,1
2559,0,-1.400904,1
2560,1,-0.300246,0
2561,0,0.574306,0
2562,0,-1.491073,0
2563,0,-0.01274,0
2564,0,-1.167903,0
2565,0,1.405887,1
2566,0,0.049626,1
2567,0,-0.877346,0
2568,0,-1.314963,0
2569,0,0.348118,0
2570,0,0.36682,1
2571,1,0.017016,1
2572,0,0.198776,1
2573,1,-0.670885,0
2574,1,-0.698778,1
2575,1,-0.500914,0
2576,0,1.108695,1
2577,0,-0.570709,1
2578,1,1.007801,0
2579,1,-0.4895,1
2580,0,0.653777,1
2581,0,-1.442555,0
2582,1,1.965153,1
2583,0,-0.736583,0
2584,0,0.384361,0
2585,1,0.578798,0
2586,0,-0.16961,1
2587,0,0.536285,0
2588,0,-0.220657,0
2589,0,0.549594,1
2590,1,0.822611,1
2591,1,0.44362,0
2592,0,-0.885339,0
2593,0,-0.429769,1
2594,1,0.539199,1
2595,0,-0.006918,0
2596,0,-1.72703,0
2597,1,-0.889856,1
2598,0,1.205453,1
2599,0,0.236668,0
2600,1,1.987209,1
2601,1,0.797528,1
2602,1,0.119298,0
2603,1,-0.192515,0
2604,1,-0.354854,1
2605,0,0.768185,0
2606,0,0.748778,1
2607,0,0.698748,0
2608,0,-0.32489,1
2609,1,0.948409,0
2610,0,-1.462124,0
2611,0,-1.090711,0
2612,1,0.316445,0
2613,0,0.964759,1
2614,0,0.989765,1
2615,0,-0.789661,0
2616,1,-1.23217,0
2617,0,0.186789,0
2618,0,-1.316188,0
2619,1,1.081108,0
2620,0,-1.154767,0
2621,1,1.111418,1
2622,0,0.790043,1
2623,0,0.535466,1
2624,0,0.092187,1
2625,0,-0.294714,0
2626,0,-1.887064,0
2627,0,0.152589,0
2628,1,0.988911,0
2629,0,0.101323,0
2630,0,-0.201591,1
2631,1,0.039663,0
2632,0,-0.903885,0
2633,1,0.182694,1
2634,1,0.299435,1
2635,1,0.335952,0
2636,0,-1.116554,1
2637,1,0.873923,1
2638,0,1.486843,1
2639,0,-1.289213,0
2640,0,0.710281,0
2641,0,0.173037,0
2642,0,1.317754,0
2643,1,-0.729321,0
2644,1,0.714323,1
2645,0,-2.020933,0
2646,1,1.165268,0
2647,1,1.950176,1
2648,1,-1.005542,0
2649,0,0.070813,0
2650,1,1.026813,1
2651,0,-0.744954,0
2652,1,0.947186,0
2653,0,1.043828,1
2654,0,0.225753,0
2655,0,-0.136712,0
2656,1,-0.19829,0
2657,0,0.977393,0
2658,0,-0.453118,0
2659,1,0.808352,1
2660,1,0.883237,1
2661,1,-0.204698,0
2662,1,0.939588,1
2663,0,0.242125,0
2664,1,0.270826,1
2665,1,-0.451759,1
2666,1,0.519184,1
2667,1,0.11434,0
2668,1,0.816775,0
2669,1,-0.676001,0
2670,0,-2.292178,0
2671,0,0.858682,0
2672,0,0.230145,0
2673,1,0.222305,1
2674,1,-1.129838,0
2675,0,-1.873797,0
2676,0,-0.869236,0
2677,0,0.226765,1
2678,1,1.143499,1
2679,1,0.40496,0
2680,1,0.287742,1
2681,1,1.25252,1
2682,0,-0.367039,0
2683,1,-0.123998,0
2684,1,0.244362,1
2685,0,-0.496886,0
2686,0,-0.208922,0
2687,1,-0.149055,0
2688,0,-0.125108,0
2689,0,-1.138413,0
2690,0,-0.861005,0
2691,1,1.208364,0
2692,1,-0.448367,0
2693,1,0.403585,0
2694,1,0.423335,1
2695,1,1.560161,0
2696,1,0.771116,0
2697,1,1.107264,1
2698,0,-0.690052,0
2699,1,-0.152777,1
2700,0,0.116556,0
2701,0,0.688775,0
2702,0,-0.045682,0
2703,0,-0.154474,0
2704,0,-1.106553,0
2705,0,-0.307249,0
2706,1,-0.283947,0
2707,1,-0.233272,0
2708,1,0.111795,0
2709,1,1.906524,1
2710,1,1.026203,1
2711,1,-2.034342,0
2712,1,0.573488,0
2713,1,-0.16627,1
2714,1,-0.31163,0
2715,1,2.061213,1
2716,0,0.364937,0
2717,0,-1.325822,0
2718,1,-0.6185,0
2719,1,0.543882,0
2720,0,0.049653,0
2721,0,-0.064835,0
2722,1,-0.031159,0
2723,1,0.568396,1
2724,0,-1.549535,0
2725,1,0.947041,1
2726,0,-0.536219,0
2727,0,0.666593,1
2728,1,1.165363,1
2729,0,1.235368,0
2730,0,0.489856,0
2731,1,1.250049,0
2732,0,-0.893505,0
2733,1,0.735077,0
2734,0,-0.084192,1
2735,1,0.125426,0
2736,1,0.698826,0
2737,0,-1.106271,0
2738,1,1.048214,0
2739,0,-1.315662,0
2740,0,0.181259,0
2741,1,0.301177,1
2742,1,2.869237,1
2743,1,0.785423,1
2744,1,-0.616284,0
2745,0,1.46818,0
2746,1,0.820844,1
2747,0,-1.254352,0
2748,0,0.742576,0
2749,1,-0.815446,0
2750,0,-0.70926,1
2751,1,1.222296,0
2752,1,-0.032191,0
2753,1,1.270456,0
2754,0,-0.312958,1
2755,0,1.278481,1
2756,1,-0.670021,1
2757,1,1.412827,1
2758,0,-0.95651,0
2759,0,0.457228,0
2760,0,0.050567,0
2761,0,0.995017,0
2762,0,0.00094,0
2763,0,-1.090916,0
2764,1,0.963439,1
2765,1,0.925382,1
2766,0,-0.997735,0
2767,1,0.438505,1
2768,0,0.945253,0
2769,1,-0.438541,0
2770,0,0.438029,0
2771,1,1.420151,1
2772,1,-1.046592,0
2773,1,0.58787,1
2774,1,0.926468,1
2775,0,-0.214374,0
2776,0,-0.595832,0
2777,1,1.728148,1
2778,0,-0.535517,0
2779,1,-0.780281,0
2780,0,-0.26452,0
2781,0,0.043374,0
2782,0,-0.589797,0
2783,1,0.18465,1
2784,0,0.249858,0
2785,1,0.177368,1
2786,0,0.823165,0
2787,0,0.845468,0
2788,1,-0.627698,0
2789,0,-0.29491,0
2790,0,0.536592,0
2791,1,0.494065,1
2792,0,0.837955,0
2793,1,0.050467,0
2794,0,-1.271361,0
2795,0,-0.248327,0
2796,1,-1.595394,0
2797,1,-0.094329,1
2798,0,-0.246635,0
2799,1,-0.085053,0
2800,0,-0.319368,0
2801,1,1.658698,0
2802,1,-0.923098,0
2803,1,0.107175,1
2804,1,0.86222,1
2805,1,0.801332,1
2806,1,0.737265,1
2807,0,-0.157584,0
2808,0,-0.282786,1
2809,1,-0.491839,0
2810,1,0.924841,0
2811,1,0.78341,0
2812,0,-1.173305,0
2813,0,1.156313,1
2814,1,0.805283,1
2815,1,0.340404,1
2816,0,-1.508829,0
2817,1,-0.343824,0
2818,0,-1.942021,0
2819,0,-0.708611,0
2820,0,0.900817,1
2821,1,1.17683,1
2822,0,-0.039269,0
2823,0,-1.126349,0
2824,0,1.310969,0
2825,0,0.606741,1
2826,1,-0.275905,0
2827,0,-0.633925,0
2828,1,1.882571,1
2829,0,-0.375512,0
2830,0,-0.806039,0
2831,1,-1.191051,0
2832,1,-0.824872,0
2833,0,0.918387,0
2834,0,0.048725,0
2835,0,-1.26083,1
2836,1,-0.552676,1
2837,0,-0.568108,0
2838,1,0.679725,0
2839,1,-0.136333,0
2840,1,-1.655136,0
2841,1,0.801048,0
2842,0,-0.579786,0
2843,1,1.288924,1
2844,1,-0.075184,0
2845,0,-1.190295,0
2846,0,-0.927547,0
2847,1,1.570103,1
2848,1,-0.011377,1
2849,1,0.743878,1
2850,0,-1.825411,0
2851,1,-0.43291,0
2852,0,-1.134149,0
2853,1,0.537077,1
2854,0,-0.982819,1
2855,0,1.810058,1
2856,0,-0.554381,0
2857,1,-0.50015,0
2858,0,0.791947,0
2859,0,-0.248017,0
2860,0,-0.716643,0
2861,1,-0.816285,0
2862,0,-0.149853,0
2863,0,-0.45401,0
2864,0,-1.522676,0
2865,0,-0.280205,0
2866,0,0.195285,0
2867,0,-1.362073,0
2868,0,1.41625,1
2869,0,-0.714669,0
2870,1,0.893167,0
2871,1,1.870391,1
2872,0,1.479902,1
2873,0,0.322667,0
2874,0,-0.664559,0
2875,1,0.351623,0
2876,0,-0.82021,0
2877,0,-0.797668,0
2878,1,-0.285347,0
2879,0,-0.47363,0
2880,1,0.187096,0
2881,0,-1.619351,0
2882,1,0.05859,0
2883,0,-1.70436,0
2884,1,1.818026,1
2885,0,-0.128909,0
2886,1,0.227753,0
2887,0,-1.277958,0
2888,0,-0.934143,0
2889,1,-0.409554,0
2890,0,-2.364912,0
2891,0,-0.214909,0
2892,0,0.324383,1
2893,0,-0.342378,0
2894,1,1.103389,1
2895,0,-0.400464,0
2896,1,1.082768,0
2897,0,-0.194213,1
2898,1,-1.104034,0
2899,1,-0.301478,0
2900,0,-2.300952,0
2901,1,0.108302,1
2902,1,-1.408549,0
2903,0,-0.677292,0
2904,1,-1.475066,0
2905,1,0.527334,0
2906,0,-0.059677,0
2907,1,-0.387828,0
2908,1,0.538912,1
2909,0,0.263764,0
2910,1,1.10573,0
2911,1,1.105885,1
2912,1,-0.600684,0
2913,1,-1.494195,1
2914,1,-0.156095,0
2915,1,0.283888,1
2916,0,-0.177621,1
2917,0,-0.609021,0
2918,0,-0.611045,0
2919,0,-1.292893,0
2920,0,-1.098513,0
2921,0,-1.510897,0
2922,1,1.094008,1
2923,1,1.289554,1
2924,1,-0.721749,0
2925,1,0.18682,1
2926,1,0.496064,0
2927,1,1.037871,1
2928,0,-0.653892,0
2929,0,0.63041,1
2930,1,0.875002,1
2931,1,-0.675428,0
2932,0,-0.291941,0
2933,1,0.384456,1
2934,0,0.855644,1
2935,0,-0.791906,1
2936,0,-0.574339,0
2937,0,1.316494,0
2938,0,1.411354,1
2939,1,0.8019,1
2940,1,-0.047787,1
2941,1,-0.366309,0
2942,0,0.164733,0
2943,0,-1.516257,0
2944,1,0.545907,1
2945,1,1.149031,0
2946,1,-0.074481,0
2947,0,1.442149,1
2948,0,0.610529,1
2949,0,0.524026,1
2950,0,-1.501675,0
2951,0,-0.455649,0
2952,1,-1.248065,0
2953,0,-0.665878,0
2954,1,0.521552,1
2955,1,0.185695,0
2956,1,1.310734,1
2957,0,0.978658,1
2958,0,-0.073978,1
2959,1,-0.613356,1
2960,0,0.044588,1
2961,1,0.065284,0
2962,0,1.842804,0
2963,0,0.348186,0
2964,1,-0.369944,0
2965,0,0.294978,1
2966,0,-0.465581,0
2967,1,1.126459,1
2968,1,-0.494634,1
2969,0,0.347602,0
2970,0,-0.368615,1
2971,0,0.085395,0
2972,1,1.814752,1
2973,1,1.288367,1
2974,1,-0.333887,0
2975,0,0.841714,1
2976,0,0.948477,0
2977,0,0.189225,1
2978,0,-0.774772,0
2979,1,0.308761,1
2980,0,-0.575506,0
2981,1,0.4337,0
2982,1,0.053035,1
2983,1,0.200665,1
2984,0,-0.805682,1
2985,1,0.659794,1
2986,0,0.927193,0
2987,1,-0.459719,1
2988,0,1.56927,0
2989,0,-0.57864,0
2990,0,0.486159,0
2991,0,1.435837,1
2992,0,-1.191487,0
2993,0,-0.985689,0
2994,0,-0.557379,0
2995,0,-0.128393,0
2996,0,-1.871831,0
2997,1,-0.380052,1
2998,1,1.959753,1
2999,1,0.419215,0
3000,1,1.236776,1
3001,0,-0.338317,0
3002,0,-0.390796,0
3003,0,-0.007626,0
3004,0,-0.053826,1
3005,0,-0.942769,0
3006,1,-0.846808,0
3007,1,-0.848264,0
3008,0,-0.681645,0
3009,1,-0.550922,1
3010,0,-0.533567,1
3011,0,-1.323845,0
3012,0,1.36927,1
3013,0,-0.291382,0
3014,0,-0.2739,1
3015,0,0.111816,1
3016,0,-1.379755,0
3017,0,-0.626276,0
3018,0,-1.011999,0
3019,1,1.176862,1
3020,1,0.726887,1
3021,1,-0.599241,0
3022,1,0.712841,0
3023,1,-0.729671,1
3024,0,-2.879378,0
3025,0,-1.055596,0
3026,1,-0.20332,0
3027,1,-0.179371,0
3028,0,1.240217,0
3029,0,-1.585392,0
3030,1,0.811187,1
3031,0,0.410878,0
3032,1,-0.466029,0
3033,1,1.276827,1
3034,1,-0.498364,0
3035,0,-0.081169,0
3036,1,1.193517,0
3037,0,-0.568595,0
3038,1,-0.685108,0
3039,0,-1.924443,0
3040,1,0.640684,0
3041,1,0.283364,0
3042,1,-1.145282,0
3043,0,-0.391381,0
3044,0,-0.519601,0
3045,1,1.883888,1
3046,0,-1.09488,1
3047,1,1.109255,1
3048,1,-0.277583,0
3049,0,-0.478453,0
3050,0,0.541127,0
3051,1,-0.233873,0
3052,0,-0.519311,0
3053,1,0.434686,1
3054,0,-0.468714,0
3055,0,0.623189,0
3056,0,0.084521,0
3057,1,-1.806391,0
3058,0,-1.46577,0
3059,0,-0.83809,1
3060,0,0.077528,0
3061,1,0.446646,1
3062,1,-2.198013,1
3063,0,0.390386,0
3064,1,1.042916,1
3065,0,-1.297769,0
3066,0,-1.548683,0
3067,0,-1.556867,0
3068,1,-0.79199,1
3069,0,-0.883706,0
3070,0,-0.052032,1
3071,0,-0.311161,0
3072,0,-1.804216,0
3073,1,-0.566219,0
3074,0,0.479818,1
3075,1,0.137133,0
3076,0,0.476789,0
3077,0,1.094346,0
3078,0,-0.179193,0
3079,0,0.022652,1
3080,1,0.257256,0
3081,0,-0.498787,0
3082,1,0.766555,0
3083,1,1.850269,1
3084,1,0.23529,1
3085,0,0.288865,0
3086,0,1.190304,1
3087,1,-0.668952,0
3088,1,-0.019779,1
3089,0,-1.37878,0
3090,1,0.530388,1
3091,0,0.471113,0
3092,0,-0.424629,0
3093,1,-0.906621,0
3094,1,-0.251509,1
3095,0,-1.470778,0
3096,0,1.549356,1
3097,1,1.522569,1
3098,0,-1.659955,0
3099,0,0.145078,0
3100,0,0.206955,0
3101,1,1.307066,1
3102,0,-0.18747,0
3103,0,-0.376165,0
3104,0,-0.452013,0
3105,0,1.117736,0
3106,0,-0.894583,0
3107,1,0.146848,0
3108,0,-0.501857,0
3109,1,0.823786,0
3110,1,-0.835996,0
3111,0,1.21195,1
3112,0,-1.353227,0
3113,0,1.216097,0
3114,0,0.30754,1
3115,1,0.899313,0
3116,0,-0.527143,0
3117,0,-0.298785,0
3118,0,-1.075629,0
3119,0,2.200765,0
3120,1,2.283004,1
3121,1,-0.790364,0
3122,1,0.647239,0
3123,0,-0.456573,0
3124,0,-1.298213,1
3125,0,0.225931,0
3126,1,-1.541908,0
3127,0,1.210066,0
3128,1,-0.706726,0
3129,0,-0.737014,0
3130,1,-0.787909,0
3131,1,1.352394,0
3132,0,-0.442328,0
3133,0,-0.444984,0
3134,0,0.663324,1
3135,1,-1.206576,1
3136,1,0.081454,1
3137,0,0.00666,0
3138,1,-1.800898,0
3139,1,0.470419,1
3140,1,-0.532681,0
3141,1,2.919775,1
3142,1,-0.737389,1
3143,0,0.28622,1
3144,0,-1.519334,0
3145,1,0.262817,0
3146,1,0.726046,1
3147,1,0.008298,0
3148,1,0.11386,1
3149,1,-0.643725,1
3150,0,2.486567,1
3151,1,1.715508,1
3152,1,0.562064,0
3153,1,-0.393151,0
3154,0,1.037196,1
3155,0,1.385361,1
3156,1,0.135768,0
3157,0,0.3532,0
3158,1,0.954624,1
3159,0,0.195522,0
3160,0,-0.391955,0
3161,0,1.159117,1
3162,1,-0.413051,0
3163,1,-0.626198,0
3164,1,-1.35414,0
3165,1,-0.751662,0
3166,1,0.057247,0
3167,0,-0.320786,0
3168,0,0.901454,1
3169,1,1.416436,1
3170,1,1.195251,0
3171,0,1.079098,1
3172,0,-1.100676,0
3173,1,0.167669,0
3174,1,1.250639,0
3175,0,-0.058101,0
3176,1,-1.704488,0
3177,0,-0.35942,0
3178,1,1.671192,1
3179,1,-0.520907,0
3180,0,-0.454705,0
3181,0,0.563611,1
3182,1,2.730834,0
3183,0,-1.262624,0
3184,0,0.132884,1
3185,0,-0.076954,0
3186,0,0.454511,0
3187,1,-0.001191,0
3188,0,0.249408,0
3189,1,-1.669326,1
3190,1,-1.571933,1
3191,0,0.958938,0
3192,1,1.571448,1
3193,1,-0.718044,1
3194,0,-1.944932,0
3195,1,1.213904,1
3196,0,0.22809,0
3197,0,-1.036039,0
3198,0,-0.68153,0
3199,1,0.434651,0
3200,1,0.997624,1
3201,0,1.171701,0
3202,0,-0.380102,0
3203,1,-1.640241,0
3204,0,-1.616595,0
3205,0,-0.03477,0
3206,0,0.586987,0
3207,1,-0.264796,1
3208,0,0.37243,0
3209,1,-0.069083,0
3210,0,0.677421,1
3211,0,-0.02449,0
3212,1,2.578384,1
3213,1,1.370565,1
3214,1,-0.353585,0
3215,1,-0.978243,0
3216,1,0.948481,1
3217,0,-0.454157,0
3218,1,0.154105,1
3219,1,0.59145,1
3220,1,-0.567616,0
3221,1,0.302798,1
3222,1,-0.013216,1
3223,0,0.235736,0
3224,1,0.14514,0
3225,1,1.670348,1
3226,0,0.965045,1
3227,0,1.324905,1
3228,0,0.018688,0
3229,0,-1.666879,0
3230,0,-0.632289,0
3231,0,-0.503898,0
3232,1,-1.35788,1
3233,0,0.205546,1
3234,0,-2.689801,0
3235,0,-0.991135,0
3236,0,-0.496309,0
3237,1,0.866531,1
3238,0,-0.178554,0
3239,1,1.303882,1
3240,0,1.518077,1
3241,1,1.106058,1
3242,1,-1.151203,0
3243,1,-0.564248,0
3244,1,-1.399773,1
3245,0,-1.943721,0
3246,1,0.170937,0
3247,1,1.728733,1
3248,1,2.640433,1
3249,0,0.601835,0
3250,1,-2.188961,0
3251,1,-0.37153,0
3252,0,-2.482708,0
3253,0,-0.608934,0
3254,0,1.656587,0
3255,0,-0.996926,0
3256,1,1.145753,1
3257,1,0.535707,0
3258,1,0.715066,1
3259,0,-0.048176,0
3260,0,-1.197041,0
3261,0,-0.171806,0
3262,1,1.32428,1
3263,1,-2.362818,0
3264,1,0.529375,1
3265,1,0.832152,0
3266,0,-0.169114,1
3267,0,-0.217417,0
3268,0,-0.643208,0
3269,0,-0.096381,0
3270,0,0.345551,0
3271,0,0.226949,0
3272,0,-0.060533,0
3273,0,0.335549,1
3274,0,-0.461291,0
3275,0,-0.348,0
3276,0,-0.08343,0
3277,0,0.714,1
3278,1,-0.150665,0
3279,0,-0.855592,0
3280,0,0.992754,0
3281,0,-0.886702,0
3282,0,-0.251143,1
3283,1,-0.454966,0
3284,1,-0.094411,0
3285,0,-0.757193,0
3286,0,0.824387,0
3287,0,-0.014821,0
3288,1,-0.566606,0
3289,0,0.923776,0
3290,0,1.61541,0
3291,1,-0.304538,0
3292,0,0.576788,1
3293,1,-0.862652,0
3294,1,0.308781,1
3295,0,-0.524424,0
3296,0,-0.43221,1
3297,1,1.817745,1
3298,1,0.33544,1
3299,0,-0.395639,1
3300,1,-0.485982,1
3301,1,0.151601,1
3302,0,0.754684,0
3303,1,0.577925,0
3304,0,-1.855559,0
3305,0,-1.186249,0
3306,0,0.579481,0
3307,1,1.05065,1
3308,0,-0.719931,1
3309,0,-0.504439,0
3310,0,0.57039,0
3311,1,-0.083205,0
3312,1,-1.885766,0
3313,1,0.176186,1
3314,1,1.998625,1
3315,0,-0.641411,0
3316,1,0.762577,1
3317,0,0.960065,0
3318,0,-0.717357,0
3319,0,-0.272249,0
3320,0,0.806796,0
3321,1,-0.982893,0
3322,1,1.309088,0
3323,0,-1.85923,0
3324,0,-1.218526,0
3325,1,-0.444012,1
3326,0,-0.766008,0
3327,1,0.275099,0
3328,1,-1.048828,0
3329,1,1.270255,1
3330,1,0.791837,0
3331,0,0.392792,1
3332,0,-0.529822,0
3333,1,0.904246,1
3334,1,-0.427256,0
3335,1,-0.710248,0
3336,1,0.77897,1
3337,0,-1.17573,0
3338,0,1.304397,0
3339,1,0.237621,1
3340,0,-0.784063,0
3341,0,2.390796,0
3342,0,0.191791,0
3343,1,1.324132,1
3344,1,-0.433999,0
3345,1,0.360936,1
3346,1,-0.280475,1
3347,0,-0.58781,0
3348,1,-0.07784,0
3349,1,-0.248722,0
3350,1,0.586427,0
3351,0,1.040195,0
3352,1,0.577534,0
3353,0,0.656526,0
3354,1,1.342305,1
3355,1,0.541521,0
3356,1,0.251368,0
3357,0,-2.264688,0
3358,1,-0.141876,1
3359,1,0.894281,0
3360,0,0.097243,0
3361,0,0.289313,0
3362,1,0.258473,0
3363,0,-0.494225,0
3364,1,-0.115327,0
3365,0,-0.176161,0
3366,0,-0.824091,0
3367,0,-1.712109,0
3368,0,0.784534,0
3369,0,-1.144443,0
3370,0,0.455977,0
3371,1,0.867447,0
3372,0,0.093158,0
3373,1,0.192473,0
3374,0,-0.992112,0
3375,0,2.270438,1
3376,1,-0.535898,1
3377,0,-2.44662,0
3378,1,1.462936,1
3379,0,-0.271261,0
3380,0,-0.808216,1
3381,0,1.154863,0
3382,1,0.445982,0
3383,0,-1.152686,0
3384,0,-0.363377,0
3385,1,1.687952,1
3386,0,1.743957,1
3387,1,0.70908,0
3388,0,0.173005,1
3389,0,-0.832314,0
3390,0,1.11851,1
3391,1,0.02075,1
3392,1,-0.158115,0
3393,1,-1.062841,0
3394,1,1.202245,0
3395,1,-0.036222,1
3396,1,0.516277,0
3397,0,1.357658,1
3398,1,0.92524,0
3399,1,1.064227,1
3400,0,0.317679,0
3401,0,-0.33649,0
3402,0,0.821762,0
3403,1,0.858148,1
3404,1,1.597893,1
3405,0,-0.181592,0
3406,1,2.337898,0
3407,0,-0.229685,1
3408,1,-0.084444,0
3409,0,0.762838,1
3410,0,-0.059792,1
3411,1,1.506615,1
3412,0,-0.229488,0
3413,0,0.152442,0
3414,1,-0.155868,1
3415,0,0.277666,1
3416,1,0.486072,1
3417,0,1.270011,1
3418,0,-0.190169,0
3419,0,0.055059,1
3420,1,0.886312,1
3421,1,1.375406,1
3422,0,1.778319,1
3423,1,0.626993,0
3424,0,-0.170424,0
3425,0,-0.195983,0
3426,0,2.20557,1
3427,0,-0.800956,0
3428,0,0.840617,1
3429,1,1.227433,1
3430,1,0.510798,1
3431,1,0.388225,1
3432,0,-1.152078,1
3433,0,-1.642478,0
3434,1,-0.603598,0
3435,0,0.312465,0
3436,0,1.020251,0
3437,0,-1.635629,0
3438,0,-2.332684,0
3439,1,-0.321386,0
3440,1,1.026021,1
3441,0,-0.426492,0
3442,1,2.433331,1
3443,0,-2.000956,0
3444,0,0.639195,1
3445,0,-0.825984,0
3446,0,-3.736828,0
3447,0,-1.092068,0
3448,1,1.474568,1
3449,1,-0.467003,0
3450,1,-0.255969,0
3451,1,-1.093127,0
3452,1,-0.190593,0
3453,0,2.05106,1
3454,0,-0.738287,0
3455,0,1.328478,0
3456,1,-0.576598,1
3457,1,0.539903,0
3458,1,0.362093,1
3459,1,-0.458386,0
3460,1,-0.484555,0
3461,0,0.198147,0
3462,1,-2.120988,0
3463,0,-2.277967,0
3464,0,0.202198,0
3465,0,-1.750424,0
3466,0,-0.76629,0
3467,1,0.557299,1
3468,0,-0.929412,0
3469,1,1.1195,0
3470,0,-1.350041,0
3471,0,0.377347,1
3472,1,-0.758369,0
3473,0,1.45866,0
3474,1,-0.991674,0
3475,0,-0.633517,1
3476,1,1.606393,1
3477,0,-1.665023,0
3478,0,0.914077,1
3479,0,-0.046124,0
3480,0,-0.502729,1
3481,1,1.101888,1
3482,1,1.768659,0
3483,0,-0.137411,1
3484,0,0.591652,1
3485,0,-0.360146,0
3486,0,-0.416105,0
3487,1,1.64599,0
3488,0,0.631419,1
3489,0,1.362402,1
3490,0,-0.589445,0
3491,0,-1.760488,0
3492,1,0.549892,0
3493,0,-1.734157,0
3494,0,-0.763553,0
3495,1,-0.429475,0
3496,1,0.464674,1
3497,1,0.745031,0
3498,0,0.290927,0
3499,1,0.90014,1
3500,0,-1.860606,0
3501,1,-2.555588,0
3502,1,1.860463,1
3503,0,-0.42207,0
3504,1,0.4362,0
3505,1,-0.844996,0
3506,0,-0.836229,1
3507,0,0.671502,0
3508,0,0.80301,0
3509,1,1.181596,0
3510,1,1.834839,1
3511,1,-0.541608,0
3512,1,0.148031,0
3513,1,-0.577605,0
3514,1,0.310889,1
3515,1,0.586891,0
3516,1,0.849838,1
3517,1,-0.066899,0
3518,0,-2.434179,0
3519,1,-0.665645,0
3520,1,-0.3581,0
3521,0,-0.370105,0
3522,0,1.723668,0
3523,0,-0.301638,0
3524,0,-0.322243,0
3525,1,-0.142865,0
3526,0,-0.748637,1
3527,0,0.225968,0
3528,0,-0.306986,0
3529,0,0.468503,1
3530,1,-0.513304,0
3531,1,1.34844,1
3532,1,0.414138,0
3533,0,1.317348,1
3534,1,0.488105,0
3535,1,0.597696,0
3536,1,1.16226,0
3537,1,0.372574,1
3538,0,-0.977483,0
3539,1,1.572223,1
3540,0,0.256988,1
3541,1,-0.491123,0
3542,1,0.307281,0
3543,1,-1.109561,0
3544,1,0.798433,1
3545,0,-2.003064,0
3546,1,0.397,1
3547,1,1.348774,1
3548,1,1.114236,1
3549,0,0.045108,1
3550,1,0.47096,1
3551,0,-1.431792,0
3552,1,0.51729,1
3553,1,0.356141,1
3554,0,0.800533,1
3555,0,-0.487746,0
3556,0,0.129198,0
3557,1,0.841229,1
3558,0,2.133706,1
3559,0,0.788526,0
3560,0,-0.900638,0
3561,1,-0.134643,0
3562,0,-0.93034,0
3563,0,-1.124863,0
3564,1,1.784891,0
3565,0,-0.274938,0
3566,1,-0.942767,0
3567,0,-1.121434,0
3568,0,-1.233739,0
3569,1,2.124118,1
3570,1,-0.060192,1
3571,1,-1.43591,0
3572,0,-0.311973,0
3573,0,-0.155066,0
3574,0,0.359839,0
3575,1,0.200034,0
3576,1,0.188881,1
3577,1,0.501739,1
3578,1,-0.35814,0
3579,0,0.799343,1
3580,1,0.030167,1
3581,0,-1.753105,0
3582,0,0.991837,0
3583,1,-0.076625,1
3584,0,-1.259793,0
3585,1,0.887696,1
3586,1,0.307406,1
3587,1,0.672419,0
3588,0,-1.390953,0
3589,1,1.256735,1
3590,0,0.410067,0
3591,1,-0.430175,0
3592,0,-1.046243,0
3593,1,0.118297,1
3594,0,-1.806518,0
3595,1,0.641802,1
3596,0,-0.574337,0
3597,0,-1.61977,0
3598,1,0.630188,0
3599,1,1.175758,1
3600,0,0.669353,0
3601,1,-1.038918,1
3602,1,1.042433,0
3603,0,0.259216,0
3604,0,-0.458273,1
3605,0,-0.877383,0
3606,0,0.408896,0
3607,0,0.370648,0
3608,0,0.386787,0
3609,0,-1.157048,0
3610,1,-0.902081,0
3611,0,-0.277364,0
3612,0,0.183874,0
3613,1,2.344475,1
3614,0,0.00159,0
3615,0,-0.340963,0
3616,1,2.438508,1
3617,1,0.24317,0
3618,0,0.207416,0
3619,0,-0.2565,0
3620,1,-0.788931,0
3621,0,-0.945809,0
3622,0,-0.715414,0
3623,1,1.151094,1
3624,1,0.306515,1
3625,0,0.126006,1
3626,0,1.340919,0
3627,0,-0.630949,0
3628,1,-1.427125,0
3629,0,-1.542456,0
3630,1,-0.266154,1
3631,0,-0.138022,0
3632,1,0.153298,1
3633,1,0.509436,0
3634,0,0.778321,1
3635,0,-0.858177,0
3636,0,-1.156777,0
3637,0,-1.889066,0
3638,0,-0.163422,0
3639,0,-0.730953,0
3640,0,0.389516,0
3641,1,-0.114488,0
3642,1,1.502292,1
3643,1,1.094335,1
3644,0,-1.33232,1
3645,1,0.016631,0
3646,1,-0.907255,0
3647,0,0.325169,1
3648,0,-0.483961,0
3649,0,1.042687,1
3650,0,-1.268416,0
3651,1,-0.604563,0
3652,0,-0.251502,0
3653,1,1.328415,1
3654,1,0.795709,0
3655,0,-0.361913,0
3656,1,1.432826,0
3657,1,0.288198,0
3658,0,1.093664,0
3659,1,0.326715,1
3660,1,0.188187,1
3661,1,1.234519,1
3662,0,-0.932014,0
3663,1,1.859459,1
3664,1,1.811078,1
3665,0,-0.086328,0
3666,0,0.976951,0
3667,1,0.917622,1
3668,1,-0.593665,0
3669,0,0.592403,1
3670,0,-0.162554,0
3671,0,-0.405742,0
3672,0,-0.171454,0
3673,0,0.822776,1
3674,0,-0.332847,0
3675,0,0.617998,0
3676,0,-0.921695,0
3677,1,-0.338659,1
3678,1,2.089952,1
3679,1,-0.726103,0
3680,0,-0.67215,0
3681,0,-0.065257,1
3682,0,-1.653719,0
3683,1,0.564847,1
3684,0,0.257827,0
3685,0,0.136885,0
3686,1,-1.670905,0
3687,1,0.194506,0
3688,0,-0.625697,0
3689,1,-0.071307,0
3690,0,-0.235728,0
3691,1,0.838593,1
3692,0,-0.931912,0
3693,1,0.170289,1
3694,1,1.631104,1
3695,0,1.39885,1
3696,0,-2.01727,0
3697,1,0.367965,1
3698,0,-0.997714,0
3699,0,0.950302,0
3700,0,-0.732969,0
3701,0,-0.178186,0
3702,1,0.036035,1
3703,0,0.463043,0
3704,1,0.203869,0
3705,0,0.071826,0
3706,1,-0.58756,0
3707,0,-0.612438,0
3708,0,0.125012,0
3709,1,1.470676,1
3710,1,-0.937869,1
3711,0,-1.064088,0
3712,0,0.797463,1
3713,1,1.840649,1
3714,0,0.4121,0
3715,0,0.319592,1
3716,1,0.228712,0
3717,0,0.565389,0
3718,1,-0.048684,1
3719,0,-0.297001,0
3720,1,-1.160861,0
3721,0,-0.600173,0
3722,0,0.531677,0
3723,0,1.194072,1
3724,0,-0.967694,0
3725,1,0.716447,0
3726,1,2.160078,0
3727,1,1.599266,1
3728,1,0.833625,0
3729,0,-0.836928,0
3730,1,0.892987,1
3731,1,0.784082,1
3732,0,0.131476,1
3733,1,2.285294,1
3734,1,1.114363,1
3735,1,2.071124,1
3736,1,1.943245,1
3737,1,-0.699788,0
3738,0,-0.161248,0
3739,0,-0.87083,0
3740,0,0.38813,1
3741,0,0.141489,0
3742,0,0.063968,0
3743,0,-0.324848,1
3744,1,1.657725,1
3745,1,-0.737075,0
3746,1,1.548181,1
3747,0,1.215379,1
3748,0,-0.811443,0
3749,1,0.428181,0
3750,0,-1.888304,0
3751,0,-1.500169,0
3752,1,-0.308089,1
3753,1,-0.295972,1
3754,0,0.044564,0
3755,1,-0.146685,0
3756,1,0.062704,0
3757,0,-0.832139,1
3758,1,-0.08939,0
3759,1,-0.497808,0
3760,0,1.097178,0
3761,1,-0.068279,1
3762,0,0.11319,0
3763,1,1.14645,0
3764,0,1.315152,1
3765,0,-1.761537,0
3766,1,2.009606,1
3767,1,1.556807,1
3768,1,-1.358051,0
3769,1,0.857942,1
3770,0,-1.4482,0
3771,0,0.617408,0
3772,0,-1.679841,0
3773,1,1.042565,1
3774,0,-1.590795,0
3775,1,1.574778,0
3776,0,-0.842427,0
3777,0,-0.250457,0
3778,1,1.556376,0
3779,1,0.112207,0
3780,1,-0.664374,0
3781,0,-0.845112,0
3782,1,1.837753,0
3783,0,-1.685803,0
3784,0,-0.925124,0
3785,0,-0.397969,0
3786,0,-1.417232,0
3787,1,1.460924,1
3788,0,-1.969555,0
3789,1,0.072201,0
3790,0,-0.359725,0
3791,1,1.076579,0
3792,1,-0.268055,0
3793,0,-0.175427,0
3794,1,0.756358,1
3795,0,-0.097064,0
3796,1,0.363393,0
3797,0,0.346498,0
3798,1,-0.039129,1
3799,0,-0.989173,0
3800,0,1.242218,1
3801,1,-0.225767,1
3802,0,1.223114,1
3803,0,0.209678,0
3804,1,0.013135,1
3805,0,0.408256,0
3806,0,-1.606042,0
3807,0,0.427512,0
3808,1,1.418875,1
3809,1,-1.727371,1
3810,1,-0.880282,1
3811,0,-1.783138,0
3812,0,0.212529,1
3813,0,0.538648,0
3814,0,-0.193773,0
3815,1,1.936,1
3816,0,2.050881,1
3817,0,0.511905,0
3818,0,0.210281,0
3819,1,-1.277736,0
3820,0,-0.072421,0
3821,0,-1.879699,0
3822,1,-0.851725,0
3823,0,-1.663507,0
3824,0,0.574132,1
3825,0,1.404356,1
3826,1,1.218265,1
3827,0,-0.261112,0
3828,1,2.240085,1
3829,1,0.594402,1
3830,0,-0.710149,0
3831,1,-0.599141,0
3832,0,-1.995597,0
3833,0,0.284873,0
3834,0,-0.369848,0
3835,0,0.338303,0
3836,1,0.010885,1
3837,0,-0.684519,0
3838,1,-0.480406,1
3839,1,0.419953,0
3840,0,-0.002344,0
3841,0,-0.953686,1
3842,1,0.579802,1
3843,1,0.867119,1
3844,0,0.318163,0
3845,0,-2.488298,0
3846,0,-1.040028,0
3847,1,0.522288,0
3848,0,-2.843347,0
3849,0,-1.509011,0
3850,0,0.099297,0
3851,0,0.202405,0
3852,1,0.358304,1
3853,1,-0.740242,0
3854,1,0.958022,1
3855,1,0.931184,1
3856,1,-0.348515,0
3857,0,0.522491,0
3858,0,0.22557,0
3859,0,1.133758,0
3860,0,2.512924,1
3861,0,-1.133103,0
3862,1,-0.513863,0
3863,1,-1.411167,0
3864,1,1.411819,1
3865,0,-1.138776,1
3866,1,0.998978,1
3867,0,0.413979,0
3868,0,-0.499459,0
3869,1,0.442138,0
3870,1,-0.929765,0
3871,1,1.460112,1
3872,1,0.776308,1
3873,0,0.153958,0
3874,1,-0.798073,0
3875,0,-2.046062,0
3876,1,0.050934,0
3877,1,1.135587,0
3878,0,-0.804414,0
3879,0,-0.388141,0
3880,1,0.621062,1
3881,0,0.715673,0
3882,1,0.388423,1
3883,0,-0.844157,0
3884,0,0.587875,0
3885,0,-1.071851,0
3886,0,0.576977,0
3887,1,1.508143,1
3888,0,-1.382506,0
3889,0,1.223654,1
3890,0,-1.030532,0
3891,0,-2.323013,0
3892,0,-1.003148,0
3893,1,-0.836573,0
3894,0,-0.064581,0
3895,0,0.689315,1
3896,1,-0.155467,0
3897,0,-0.91429,0
3898,0,1.042361,0
3899,0,-0.690344,0
3900,0,-1.091975,0
3901,0,-1.002287,0
3902,1,1.35748,1
3903,0,0.684992,0
3904,0,-1.996413,0
3905,1,0.951121,1
3906,0,-1.087467,0
3907,1,0.270138,0
3908,1,2.707158,1
3909,1,-0.272176,0
3910,0,-1.409301,0
3911,1,0.652152,1
3912,0,0.929065,0
3913,0,-0.558545,0
3914,1,1.239256,0
3915,1,0.00063,0
3916,0,-0.51772,0
3917,0,-0.796813,0
3918,1,0.208203,0
3919,0,-1.209962,0
3920,1,-0.058372,0
3921,1,-0.200569,0
3922,1,-1.169912,0
3923,0,-1.735649,0
3924,1,0.757975,0
3925,0,1.146881,0
3926,1,2.329659,1
3927,1,-0.496893,0
3928,1,-1.268213,0
3929,1,0.550569,0
3930,0,-1.327353,0
3931,0,-0.652988,0
3932,1,1.111522,0
3933,1,-0.954843,0
3934,0,0.269694,0
3935,1,0.505098,1
3936,0,-0.455315,0
3937,0,-0.800575,0
3938,1,0.766666,1
3939,0,-0.700031,0
3940,1,1.067952,1
3941,1,0.428509,0
3942,1,-0.883995,0
3943,1,0.701766,0
3944,0,1.515191,1
3945,1,1.020321,1
3946,1,1.325873,0
3947,1,-0.666883,0
3948,0,0.289488,1
3949,1,0.757945,0
3950,0,-0.765151,0
3951,0,0.632518,0
3952,0,-0.852968,0
3953,0,0.044683,0
3954,0,-0.510611,0
3955,0,-0.498523,0
3956,1,0.442289,0
3957,1,-0.028522,0
3958,0,-0.0447,0
3959,1,0.486897,1
3960,1,-0.092188,0
3961,1,0.927128,1
3962,1,-1.395255,1
3963,1,-0.05756,0
3964,0,0.825103,0
3965,1,1.299367,0
3966,1,0.629459,0
3967,1,-0.165923,0
3968,1,0.353813,0
3969,0,0.198734,0
3970,1,0.656846,1
3971,0,-0.353477,0
3972,0,0.044123,0
3973,1,-1.01614,0
3974,0,-0.730746,0
3975,1,0.864828,0
3976,1,1.285631,0
3977,1,0.173705,1
3978,0,-0.18188,0
3979,1,0.005217,1
3980,0,0.656485,0
3981,1,-0.586308,0
3982,0,-0.980231,0
3983,0,0.848838,1
3984,0,0.125461,1
3985,0,0.614618,1
3986,0,0.194701,0
3987,1,1.549791,0
3988,0,-0.20131,0
3989,1,-0.27991,0
3990,1,0.453399,1
3991,0,-1.412952,0
3992,0,-0.644915,0
3993,1,0.072092,1
3994,0,0.372335,1
3995,0,-0.915955,0
3996,1,1.096531,1
3997,1,1.187387,0
3998,0,-0.757397,0
3999,1,-0.039941,0
4000,0,-0.864912,0
