id,time,event,exposed,covariate
1,0.9,1,0,-0.458366
2,12.0,0,0,1.243968
3,2.5,1,1,0.375897
4,12.0,0,0,-2.320876
5,0.5,1,1,1.106521
6,12.0,0,1,1.018371
7,0.7,1,1,1.243835
8,12.0,0,1,-0.961689
9,4.2,1,1,-0.642439
10,12.0,0,0,0.034393
11,12.0,0,0,1.588955
12,12.0,0,0,0.484525
13,10.4,1,0,0.978315
14,6.7,1,1,-0.077936
15,12.0,0,1,0.251264
16,12.0,0,0,0.655491
17,12.0,0,0,-0.28048
18,12.0,0,0,1.010378
19,12.0,0,0,-0.358186
20,12.0,0,0,-1.041533
21,1.1,1,1,-0.007512
22,8.9,1,0,0.243915
23,5.4,1,0,-0.794963
24,12.0,0,1,-2.011921
25,0.3,1,0,0.861828
26,0.8,1,0,0.326225
27,4.1,1,0,-0.818362
28,11.4,1,0,-0.839705
29,1.7,1,0,1.245657
30,1.1,1,0,0.605037
31,12.0,0,1,-1.677953
32,12.0,0,1,-1.765136
33,9.6,1,0,1.19101
34,12.0,0,1,0.487086
35,12.0,0,0,-0.630435
36,12.0,0,0,0.449068
37,3.5,1,0,0.661633
38,3.3,1,0,0.210193
39,8.3,1,1,-0.825824
40,12.0,0,0,-0.006967
41,12.0,0,0,-0.262421
42,7.3,1,0,0.080435
43,12.0,0,0,-1.888885
44,10.1,1,0,-0.161438
45,4.2,1,1,0.72868
46,12.0,0,0,-0.962981
47,5.3,1,0,-0.548373
48,12.0,0,0,0.041043
49,12.0,0,1,1.733331
50,12.0,0,0,-0.017991
51,12.0,0,1,1.080854
52,12.0,0,0,0.362656
53,11.2,1,1,0.383603
54,12.0,0,1,-0.151749
55,7.4,1,0,0.538096
56,12.0,0,1,-0.033465
57,12.0,0,0,1.157046
58,12.0,0,0,0.257946
59,12.0,0,1,-0.294882
60,12.0,0,0,-1.818306
61,4.2,1,1,-0.523374
62,0.8,1,1,2.218936
63,5.9,1,1,0.118698
64,11.8,1,1,0.321648
65,12.0,0,0,-0.384429
66,12.0,0,0,1.106712
67,12.0,0,0,-0.582357
68,12.0,0,1,-0.380657
69,12.0,0,0,1.757984
70,4.8,1,1,-0.233635
71,6.0,1,0,0.192296
72,6.4,1,1,0.473248
73,2.7,1,1,0.027213
74,12.0,0,0,0.758269
75,12.0,0,0,0.018127
76,8.5,1,0,0.337196
77,0.2,1,0,1.861705
78,1.7,1,1,-1.73888
79,12.0,0,0,0.103747
80,7.9,1,0,1.195763
81,1.0,1,0,-0.150594
82,10.4,1,0,-0.918972
83,12.0,0,1,-1.26958
84,5.1,1,0,0.811709
85,8.0,1,0,0.750115
86,9.8,1,1,-0.686328
87,12.0,0,1,-0.62076
88,9.3,1,1,-0.132413
89,2.6,1,0,0.206045
90,12.0,0,1,-0.007933
91,1.7,1,0,0.551668
92,12.0,0,1,-2.883782
93,9.6,1,0,0.373284
94,0.5,1,1,0.689276
95,12.0,0,0,0.756514
96,8.3,1,1,-1.231319
97,12.0,0,0,-0.631528
98,11.3,1,1,0.974455
99,9.1,1,0,-0.673267
100,12.0,0,1,0.452981
101,2.1,1,1,-0.532894
102,12.0,0,0,-0.488134
103,5.9,1,1,1.417125
104,12.0,0,0,-0.827327
105,1.7,1,1,1.076079
106,7.5,1,1,-1.254746
107,9.4,1,1,0.175239
108,12.0,0,0,0.091975
109,1.9,1,0,0.736333
110,12.0,0,1,0.72409
111,12.0,0,0,-2.567353
112,3.3,1,0,-0.34984
113,12.0,0,0,0.703284
114,12.0,0,1,-0.099085
115,12.0,0,0,0.034016
116,10.0,1,0,0.126055
117,0.2,1,1,-1.320925
118,12.0,0,0,-0.424865
119,3.4,1,1,0.757248
120,12.0,0,0,1.629533
121,7.0,1,1,-0.538047
122,12.0,0,1,-0.02931
123,0.1,1,1,0.229954
124,12.0,0,0,-0.465473
125,12.0,0,1,0.169129
126,6.1,1,0,0.086672
127,1.7,1,0,0.691962
128,10.5,1,0,-1.02152
129,12.0,0,0,1.019295
130,12.0,0,0,-0.748126
131,9.6,1,0,0.513677
132,0.9,1,1,-0.279342
133,2.9,1,1,0.155386
134,12.0,0,1,-1.612788
135,12.0,0,0,-1.97575
136,1.5,1,0,0.120591
137,12.0,0,0,-0.080954
138,0.2,1,0,0.465301
139,8.4,1,0,-0.509214
140,10.0,1,0,0.29917
141,3.3,1,0,-0.363962
142,12.0,0,1,-1.273851
143,11.1,1,0,-0.567924
144,5.9,1,1,0.798842
145,2.3,1,0,1.15098
146,0.7,1,0,1.819363
147,1.6,1,1,1.091844
148,6.8,1,1,-1.040138
149,12.0,0,1,-2.089591
150,12.0,0,0,-0.238567
151,12.0,0,0,0.679014
152,12.0,0,0,-1.368941
153,12.0,0,1,1.5311
154,12.0,0,0,-0.324902
155,12.0,0,0,-0.208922
156,4.1,1,1,-0.822153
157,12.0,0,0,-1.554337
158,12.0,0,1,-0.218732
159,12.0,0,0,-0.405076
160,4.2,1,0,0.410709
161,12.0,0,0,0.119103
162,12.0,0,1,0.421911
163,12.0,0,0,-0.618596
164,1.1,1,0,-1.69526
165,5.9,1,1,0.410258
166,11.6,1,1,-0.043066
167,2.3,1,0,0.246755
168,10.0,1,1,-0.624748
169,12.0,0,0,1.140979
170,6.3,1,0,1.519433
171,11.8,1,0,-1.101773
172,12.0,0,0,0.224419
173,1.7,1,0,0.831346
174,12.0,0,1,-0.655695
175,12.0,0,0,1.44065
176,7.6,1,0,1.42243
177,10.1,1,1,1.219291
178,6.0,1,0,-1.533778
179,3.8,1,1,0.42986
180,8.4,1,1,-2.002334
181,12.0,0,1,0.366468
182,12.0,0,1,0.154875
183,8.4,1,0,0.693487
184,0.9,1,1,0.310643
185,3.2,1,1,-0.249173
186,12.0,0,1,-1.021354
187,1.7,1,1,0.369233
188,4.4,1,0,-1.969
189,12.0,0,0,0.110242
190,12.0,0,0,-0.91156
191,4.1,1,1,1.27367
192,12.0,0,0,-1.614921
193,12.0,0,0,0.782741
194,1.3,1,1,-0.357599
195,4.0,1,1,-1.182483
196,12.0,0,0,0.545256
197,12.0,0,0,-0.503304
198,2.5,1,1,0.73638
199,12.0,0,0,-1.41659
200,12.0,0,0,-0.326127
201,3.2,1,1,-3.155666
202,0.5,1,1,1.046497
203,12.0,0,1,0.307079
204,8.0,1,0,0.130092
205,0.1,1,0,-0.248968
206,0.0,1,1,0.421072
207,1.1,1,0,-0.574747
208,12.0,0,0,-1.558971
209,12.0,0,1,-0.320252
210,10.7,1,1,0.769942
211,11.1,1,0,0.617677
212,12.0,0,1,-0.08206
213,6.1,1,0,-0.567147
214,12.0,0,0,-0.388946
215,12.0,0,0,1.092444
216,12.0,0,1,-0.448878
217,1.1,1,0,-1.126173
218,12.0,0,1,-1.637549
219,12.0,0,1,-0.026984
220,12.0,0,0,-0.040289
221,12.0,0,0,-0.33993
222,12.0,0,0,-1.618981
223,12.0,1,1,0.622654
224,12.0,0,0,-0.370805
225,10.9,1,0,1.800641
226,12.0,0,0,-0.190859
227,5.0,1,1,-0.09647
228,0.8,1,0,-1.73781
229,0.9,1,1,-0.296587
230,0.9,1,0,0.662908
231,12.0,0,0,2.034142
232,3.3,1,1,2.651185
233,12.0,0,0,-1.558621
234,7.9,1,0,-0.321013
235,3.1,1,0,0.034436
236,12.0,0,0,0.555345
237,12.0,0,1,0.354015
238,9.9,1,1,0.492031
239,12.0,0,1,-0.712755
240,12.0,0,1,-0.528207
241,12.0,0,0,-0.361561
242,12.0,0,1,0.278588
243,12.0,0,0,-0.507232
244,12.0,0,1,-0.228427
245,12.0,0,0,-0.143147
246,9.4,1,1,0.383584
247,6.5,1,0,-0.272309
248,10.5,1,0,-1.192803
249,5.3,1,1,2.516705
250,0.6,1,0,3.230704
251,1.4,1,1,-0.552669
252,6.3,1,0,0.89181
253,7.7,1,1,1.653764
254,7.0,1,0,-0.211074
255,12.0,0,0,-2.125289
256,4.5,1,0,-0.653135
257,11.2,1,0,-0.340087
258,12.0,0,0,0.324353
259,4.5,1,1,0.719637
260,0.4,1,0,0.368723
261,12.0,0,0,-1.500294
262,3.8,1,0,-0.370418
263,12.0,0,1,-0.869689
264,12.0,0,0,1.406073
265,6.5,1,1,0.347004
266,3.1,1,0,-1.068743
267,12.0,0,0,-1.084877
268,11.8,1,0,1.060917
269,12.0,0,0,-0.221802
270,12.0,0,1,-1.954267
271,6.2,1,1,0.6888
272,12.0,0,0,1.173764
273,2.5,1,0,0.424177
274,1.6,1,1,0.806938
275,4.6,1,1,-0.441094
276,7.2,1,0,-0.557069
277,12.0,0,1,-0.800575
278,3.8,1,0,0.826058
279,1.1,1,1,1.303819
280,12.0,0,0,0.474122
281,6.3,1,0,-0.584258
282,12.0,0,0,-1.652884
283,11.8,1,0,-0.169349
284,12.0,0,1,-0.403762
285,12.0,0,1,0.790395
286,0.4,1,0,1.411509
287,4.5,1,1,1.062554
288,3.9,1,1,-0.825768
289,12.0,0,1,0.667631
290,12.0,0,1,-0.401099
291,3.4,1,1,0.988503
292,5.3,1,1,-2.200939
293,2.0,1,1,0.561813
294,7.8,1,0,-0.999891
295,11.6,1,1,-0.201521
296,12.0,0,1,-0.867517
297,12.0,0,1,-0.540851
298,8.8,1,1,0.616406
299,12.0,0,0,0.062668
300,12.0,0,1,-0.765356
301,12.0,0,1,-0.431336
302,4.0,1,0,1.596447
303,12.0,0,1,-0.177642
304,6.6,1,0,0.185901
305,12.0,0,0,-0.485801
306,12.0,0,1,-0.194858
307,9.9,1,1,-0.109575
308,0.1,1,1,0.75728
309,12.0,0,0,2.095799
310,12.0,0,0,0.748322
311,4.8,1,1,0.710794
312,12.0,0,0,0.857833
313,11.9,1,1,1.379436
314,4.1,1,1,1.605841
315,10.4,1,1,1.650076
316,5.0,1,0,1.046626
317,12.0,0,0,0.317757
318,12.0,0,1,-0.264408
319,12.0,0,0,0.699748
320,7.9,1,1,-0.010962
321,1.5,1,0,-0.508989
322,12.0,0,0,1.887279
323,12.0,0,0,-0.207027
324,12.0,0,0,-1.630222
325,1.6,1,1,1.642588
326,6.3,1,1,1.751913
327,12.0,0,0,-0.954958
328,12.0,0,0,-1.349352
329,1.0,1,0,-0.032324
330,12.0,0,0,-2.040696
331,12.0,0,1,-0.251501
332,12.0,0,0,0.522636
333,12.0,0,0,-0.536545
334,12.0,0,1,-1.492615
335,3.0,1,1,0.019331
336,0.9,1,0,0.4113
337,3.1,1,1,1.051481
338,6.1,1,1,0.075495
339,3.8,1,0,0.776297
340,4.2,1,0,-0.36598
341,12.0,0,1,-2.588092
342,12.0,0,0,1.532486
343,12.0,0,0,0.336264
344,12.0,0,0,-1.119208
345,6.0,1,0,-2.266744
346,1.9,1,1,-0.063067
347,12.0,0,0,0.878954
348,1.1,1,0,1.314877
349,12.0,0,0,-1.075503
350,12.0,0,1,-0.026555
351,2.2,1,0,-0.029411
352,12.0,0,1,-1.388061
353,10.7,1,0,-1.360499
354,12.0,0,1,-1.046475
355,7.6,1,1,-0.061003
356,12.0,0,1,-1.531846
357,9.0,1,1,1.246038
358,10.8,1,0,0.16322
359,5.3,1,1,0.685621
360,12.0,0,0,-0.474366
361,12.0,0,0,-0.610769
362,12.0,0,1,-1.236276
363,0.3,1,1,0.550548
364,10.6,1,0,0.833999
365,1.2,1,0,-0.72181
366,6.3,1,0,0.206187
367,8.0,1,1,-0.993295
368,2.7,1,1,-0.1293
369,1.2,1,0,0.020107
370,2.9,1,0,0.870338
371,9.2,1,0,0.828194
372,9.2,1,1,-0.418716
373,12.0,0,0,-0.392817
374,12.0,0,0,-0.517613
375,5.0,1,1,1.544598
376,7.4,1,0,0.457496
377,3.4,1,1,1.611598
378,7.6,1,1,-1.898201
379,11.8,1,0,0.102486
380,10.5,1,0,1.29464
381,12.0,0,0,-0.271154
382,12.0,0,1,0.412194
383,12.0,0,0,0.361597
384,12.0,0,0,2.603273
385,12.0,0,0,-1.530402
386,1.3,1,1,-0.68557
387,12.0,0,0,0.687522
388,12.0,0,1,-0.038288
389,12.0,0,0,-0.586558
390,12.0,0,1,-1.943311
391,1.1,1,0,0.433624
392,2.1,1,1,-0.080492
393,4.4,1,1,0.065643
394,6.4,1,0,-2.273198
395,6.7,1,1,0.461748
396,12.0,0,0,-0.135772
397,6.3,1,1,0.11693
398,12.0,0,0,-0.469783
399,12.0,0,0,-0.804148
400,9.4,1,0,0.301192
401,12.0,0,0,-0.607076
402,0.2,1,1,0.418016
403,12.0,0,1,-0.255694
404,12.0,0,1,0.664022
405,3.8,1,0,-0.219002
406,3.6,1,1,0.26323
407,7.7,1,1,-1.533418
408,12.0,0,0,-0.957537
409,4.1,1,0,-1.337357
410,6.9,1,1,-0.034748
411,2.4,1,0,1.099488
412,6.6,1,0,-0.225178
413,2.6,1,1,0.671202
414,12.0,0,1,0.963709
415,11.5,1,1,1.181689
416,11.4,1,0,-0.996622
417,5.0,1,1,0.117236
418,12.0,0,0,-1.29259
419,4.1,1,1,-0.571097
420,12.0,0,1,-0.138659
421,12.0,0,0,0.23313
422,6.9,1,1,-0.960279
423,8.5,1,0,-1.784566
424,12.0,0,0,0.312561
425,9.9,1,0,1.209451
426,8.9,1,0,0.148775
427,4.7,1,0,1.30304
428,12.0,0,0,0.112341
429,9.9,1,1,0.121088
430,3.6,1,1,0.414588
431,12.0,0,1,-0.187537
432,1.7,1,0,1.257877
433,5.7,1,1,-2.150671
434,4.6,1,1,-0.786867
435,2.9,1,0,-0.391635
436,1.2,1,0,0.958755
437,12.0,0,0,0.509019
438,10.3,1,1,-2.32361
439,9.5,1,0,-0.869205
440,12.0,0,1,-1.086407
441,0.2,1,1,-0.336293
442,12.0,0,1,-0.818107
443,12.0,0,0,-0.310561
444,11.7,1,0,1.608941
445,11.5,1,1,1.126745
446,12.0,0,0,0.797814
447,3.2,1,1,-0.530556
448,3.5,1,1,-0.763529
449,12.0,0,0,1.526895
450,12.0,0,0,-0.850146
451,12.0,0,1,0.30594
452,6.4,1,0,2.059408
453,9.7,1,1,1.149724
454,12.0,0,1,-1.3745
455,0.4,1,0,0.609473
456,12.0,0,0,-0.920328
457,12.0,0,1,0.320947
458,12.0,0,0,0.532058
459,2.1,1,0,-1.448374
460,4.8,1,1,-0.30219
461,12.0,0,0,-0.541103
462,12.0,0,0,-0.498404
463,3.5,1,0,0.161018
464,11.7,1,1,1.248813
465,12.0,0,0,0.571689
466,12.0,0,1,-0.262919
467,12.0,0,1,-0.59485
468,9.1,1,1,-0.378886
469,6.2,1,1,-1.35528
470,12.0,0,1,-0.805571
471,12.0,0,1,-0.600405
472,12.0,0,0,-0.232454
473,12.0,0,0,-0.232124
474,12.0,0,1,0.190006
475,1.0,1,0,-0.956611
476,9.0,1,1,0.640503
477,10.4,1,0,-0.55314
478,1.3,1,0,-0.114082
479,12.0,0,1,-0.135838
480,9.3,1,0,1.264476
481,12.0,0,1,-0.580208
482,0.4,1,0,1.051618
483,12.0,0,1,-0.414702
484,12.0,0,0,-0.008258
485,0.0,1,1,-1.321849
486,1.0,1,1,0.047024
487,12.0,0,0,-0.325328
488,12.0,0,1,-1.807239
489,2.8,1,1,1.194221
490,12.0,0,1,-3.388999
491,4.6,1,1,-0.443036
492,5.7,1,0,1.503929
493,12.0,0,1,-1.263275
494,12.0,0,0,1.267074
495,12.0,0,1,0.664276
496,7.4,1,0,-1.521111
497,10.9,1,1,-0.750759
498,8.1,1,1,-0.283528
499,4.4,1,0,0.885997
500,1.4,1,1,-1.164734
501,6.0,1,1,0.144431
502,12.0,0,1,-1.439779
503,12.0,0,0,1.098049
504,12.0,0,0,0.302394
505,6.9,1,0,0.475318
506,12.0,0,1,0.301771
507,12.0,0,0,2.074528
508,3.7,1,0,1.546422
509,12.0,0,0,-1.319428
510,12.0,0,0,1.217996
511,12.0,0,1,-1.433424
512,4.3,1,1,3.672214
513,12.0,0,0,-0.020245
514,3.5,1,1,-0.185002
515,12.0,0,0,1.296767
516,5.4,1,1,-1.163802
517,3.7,1,1,0.204642
518,8.9,1,0,-0.70494
519,2.3,1,1,-0.401738
520,12.0,0,1,1.302676
521,8.7,1,0,0.411605
522,12.0,0,0,-0.390914
523,12.0,0,0,-0.960187
524,0.1,1,0,-0.73384
525,12.0,0,1,0.78586
526,5.4,1,1,1.113454
527,2.1,1,1,-0.555352
528,8.7,1,1,-0.958289
529,12.0,0,0,-0.446934
530,12.0,0,0,-0.51191
531,12.0,0,0,-1.774548
532,6.1,1,0,0.085816
533,10.6,1,1,-1.079121
534,11.6,1,1,-0.791224
535,7.3,1,0,0.927536
536,6.1,1,0,1.247645
537,2.7,1,1,0.165532
538,12.0,0,0,-0.000414
539,12.0,0,0,0.649734
540,12.0,0,0,-1.121514
541,4.7,1,1,-0.398885
542,12.0,0,0,-0.653781
543,12.0,0,0,-1.085331
544,12.0,0,1,-0.809056
545,12.0,0,0,-1.743084
546,12.0,0,1,-0.461104
547,4.2,1,0,0.734019
548,10.1,1,1,0.709382
549,1.8,1,1,0.540162
550,3.2,1,1,1.132866
551,5.1,1,1,1.539032
552,9.5,1,0,0.678397
553,12.0,0,0,0.116107
554,0.7,1,1,1.45227
555,0.1,1,0,-0.417756
556,12.0,0,1,-0.452178
557,6.9,1,0,1.712361
558,12.0,0,1,0.875019
559,0.1,1,1,0.760367
560,12.0,0,0,-0.811096
561,11.7,1,0,0.722033
562,9.2,1,0,0.891505
563,3.7,1,0,-0.214581
564,10.8,1,0,-0.752413
565,6.5,1,0,1.434136
566,0.2,1,0,-0.969446
567,9.4,1,0,-0.325472
568,12.0,0,0,1.628479
569,12.0,0,1,1.838123
570,5.9,1,1,1.673966
571,12.0,0,1,-1.320982
572,12.0,0,1,-0.500082
573,8.9,1,0,-0.075669
574,5.6,1,1,-1.159242
575,1.1,1,0,0.667803
576,12.0,0,0,0.152087
577,12.0,0,0,0.037649
578,1.3,1,0,-0.751253
579,12.0,0,0,0.124196
580,8.3,1,0,0.287684
581,2.2,1,0,-0.142789
582,12.0,0,0,-0.746846
583,1.6,1,0,-0.032875
584,1.6,1,1,-0.142839
585,10.5,1,1,0.076783
586,12.0,0,0,-0.264475
587,2.1,1,1,1.286981
588,12.0,0,1,-1.119566
589,0.8,1,0,1.239333
590,1.1,1,1,0.392454
591,12.0,0,1,-0.76674
592,12.0,0,0,0.063616
593,12.0,0,0,-1.19752
594,12.0,0,1,0.310485
595,12.0,0,0,1.393482
596,12.0,0,0,-0.361693
597,12.0,0,0,1.482578
598,1.4,1,1,1.56459
599,6.4,1,1,0.217212
600,10.7,1,0,-0.191926
601,2.4,1,1,-1.493217
602,8.4,1,1,-2.41391
603,12.0,0,0,-0.038025
604,12.0,0,0,-0.166853
605,7.5,1,0,0.247461
606,10.4,1,1,-0.818224
607,1.1,1,1,0.992251
608,1.5,1,1,1.156931
609,0.7,1,1,2.323997
610,10.7,1,1,-0.612606
611,12.0,0,0,-1.676287
612,12.0,0,1,-0.214861
613,6.6,1,1,-0.286035
614,4.8,1,1,-0.440577
615,3.4,1,1,2.734215
616,0.6,1,1,-0.923303
617,2.8,1,1,-0.383185
618,8.6,1,1,0.931349
619,2.9,1,1,0.755659
620,12.0,0,0,-1.134431
621,12.0,0,1,-1.009928
622,12.0,0,0,1.405315
623,12.0,0,0,-1.312087
624,2.5,1,0,0.70877
625,12.0,0,0,-0.171174
626,12.0,0,1,0.221854
627,12.0,0,0,-2.508556
628,12.0,0,0,-1.02136
629,12.0,0,0,-0.399404
630,12.0,0,1,-0.298676
631,3.2,1,1,-0.669297
632,12.0,0,0,-0.215925
633,12.0,0,0,0.758866
634,12.0,0,0,-0.672588
635,0.6,1,0,0.251856
636,12.0,0,0,1.19736
637,11.1,1,0,1.463799
638,9.2,1,0,1.1293
639,8.9,1,0,0.695876
640,7.0,1,1,-0.347652
641,4.8,1,1,0.083958
642,9.3,1,0,0.303283
643,12.0,0,0,-0.978601
644,4.3,1,1,0.485877
645,12.0,0,1,-1.903284
646,0.8,1,0,-0.48866
647,0.3,1,1,0.03749
648,3.1,1,1,0.819416
649,12.0,0,1,-0.526717
650,4.3,1,1,-0.046748
651,12.0,0,1,-1.609006
652,7.9,1,1,0.883741
653,12.0,0,0,-0.939201
654,12.0,0,1,0.173204
655,6.1,1,0,-0.870447
656,10.2,1,0,1.5589
657,12.0,0,1,-1.262263
658,12.0,0,1,-1.492733
659,7.0,1,1,-0.387649
660,12.0,0,1,-0.541535
661,0.2,1,1,-0.530544
662,12.0,0,0,-1.135068
663,4.5,1,1,0.323669
664,12.0,0,0,0.766444
665,1.5,1,0,0.012009
666,12.0,0,0,1.414214
667,12.0,0,0,0.45529
668,12.0,0,0,-2.153556
669,12.0,0,0,-0.4424
670,2.0,1,0,-0.148711
671,12.0,0,0,-0.868821
672,12.0,0,0,-0.164905
673,7.0,1,0,1.318883
674,5.4,1,0,2.222928
675,3.3,1,1,-1.290706
676,12.0,0,1,0.108061
677,12.0,0,1,-1.199668
678,12.0,0,1,-0.5315
679,12.0,0,0,-0.436219
680,12.0,0,1,0.195462
681,12.0,0,1,-0.77696
682,12.0,0,0,-0.589712
683,12.0,0,0,-1.021502
684,3.2,1,0,-0.105702
685,0.3,1,0,1.274211
686,12.0,0,1,-1.004589
687,2.9,1,1,0.511282
688,1.6,1,1,-0.293731
689,7.7,1,0,-1.21328
690,12.0,0,0,-0.595067
691,12.0,0,0,-1.168106
692,12.0,0,0,1.211832
693,12.0,0,0,-0.37354
694,12.0,0,0,-0.057378
695,9.0,1,1,-0.850436
696,9.6,1,0,0.275504
697,12.0,0,1,-0.166912
698,12.0,0,0,0.847092
699,2.3,1,0,-0.145157
700,12.0,0,0,-1.472531
701,6.4,1,1,-0.068905
702,3.4,1,1,1.796708
703,0.1,1,1,-0.435461
704,12.0,0,0,-1.250826
705,4.5,1,0,0.62407
706,3.3,1,0,0.228018
707,12.0,0,1,-1.106419
708,12.0,0,0,0.030063
709,2.7,1,0,1.233593
710,6.6,1,1,1.540511
711,12.0,0,0,-0.708988
712,12.0,0,1,-0.269105
713,12.0,0,0,0.951865
714,7.8,1,0,2.11599
715,12.0,0,0,1.201771
716,12.0,0,0,-0.011528
717,3.4,1,1,-1.381794
718,3.9,1,0,-1.282668
719,12.0,0,1,-0.27487
720,7.8,1,0,-0.101081
721,9.4,1,1,-0.582804
722,12.0,0,0,0.436993
723,12.0,0,0,0.483328
724,12.0,0,1,-1.218097
725,2.0,1,1,0.036561
726,6.9,1,0,-0.425824
727,1.6,1,0,-1.373016
728,12.0,0,1,0.947477
729,9.8,1,1,0.902293
730,3.8,1,0,-0.380905
731,12.0,0,0,-0.408943
732,3.8,1,1,1.936121
733,12.0,0,0,-1.560096
734,12.0,0,1,1.055211
735,12.0,0,0,-1.19121
736,6.4,1,1,1.450423
737,12.0,0,1,0.12649
738,4.3,1,0,1.724194
739,12.0,0,1,0.322187
740,12.0,0,1,-0.923826
741,1.3,1,1,-1.093969
742,3.9,1,0,0.217227
743,12.0,0,1,0.770468
744,9.7,1,1,-0.11499
745,12.0,0,0,-0.046674
746,6.2,1,1,-0.22924
747,12.0,0,1,-1.158595
748,2.7,1,1,0.188571
749,12.0,0,0,0.171963
750,12.0,0,0,-1.376857
751,6.2,1,1,0.987017
752,10.0,1,0,0.465628
753,5.0,1,1,-0.763315
754,3.0,1,1,-1.052167
755,7.8,1,1,-1.018942
756,1.3,1,0,1.126327
757,1.8,1,1,-1.487081
758,8.7,1,0,1.803598
759,7.4,1,1,0.409821
760,3.0,1,1,1.425323
761,12.0,0,1,0.605542
762,12.0,0,0,-1.659686
763,12.0,0,0,1.18031
764,12.0,0,1,-0.13394
765,8.9,1,1,0.697576
766,12.0,0,0,-0.293033
767,12.0,0,0,-0.899896
768,4.7,1,0,0.873338
769,6.9,1,0,1.665798
770,12.0,0,0,0.529242
771,6.8,1,1,-0.555629
772,12.0,0,0,0.60743
773,6.6,1,1,-0.416734
774,12.0,0,0,-0.390408
775,12.0,0,0,-2.953207
776,12.0,0,0,-0.261922
777,10.0,1,1,-0.972359
778,3.8,1,0,1.490839
779,9.1,1,0,-0.74181
780,6.8,1,1,-1.24072
781,12.0,0,1,-1.609071
782,7.2,1,0,1.114971
783,3.6,1,1,-0.1976
784,1.6,1,1,-0.104771
785,10.1,1,1,-0.261822
786,12.0,0,0,0.446882
787,12.0,0,1,0.8034
788,11.6,1,1,0.920724
789,12.0,0,0,-2.35438
790,7.1,1,0,2.969861
791,12.0,0,1,0.385972
792,12.0,0,1,0.133627
793,4.0,1,1,0.637637
794,2.2,1,0,0.956517
795,0.2,1,0,-0.126365
796,12.0,0,1,-0.046794
797,12.0,0,1,-1.364423
798,3.8,1,0,-0.361044
799,12.0,0,1,1.703884
800,12.0,0,0,0.016055
801,1.8,1,1,-0.241697
802,3.7,1,1,1.01432
803,12.0,0,1,-0.677451
804,3.7,1,0,-0.949944
805,9.2,1,0,-0.477956
806,4.4,1,0,0.772152
807,12.0,0,0,-1.217997
808,3.7,1,0,-0.465387
809,6.5,1,1,0.859019
810,5.8,1,0,-0.07061
811,12.0,0,1,-1.504781
812,6.4,1,1,-0.470675
813,2.7,1,1,-0.213105
814,12.0,0,0,-0.089815
815,1.0,1,1,0.890922
816,12.0,0,1,-0.066977
817,7.8,1,0,-0.859429
818,12.0,0,0,-0.126971
819,1.0,1,0,2.14043
820,12.0,0,1,-1.88254
821,2.3,1,1,-0.264561
822,12.0,0,0,-0.518285
823,12.0,0,0,-1.219318
824,2.9,1,1,1.367299
825,12.0,0,0,-0.294076
826,6.3,1,1,0.069972
827,0.1,1,1,0.415821
828,12.0,0,0,0.226807
829,12.0,0,1,-1.263282
830,6.7,1,1,0.355898
831,12.0,0,0,0.177406
832,12.0,0,0,-0.353694
833,12.0,0,0,-0.892139
834,12.0,0,1,-0.382526
835,12.0,0,1,0.055541
836,5.5,1,0,2.148432
837,12.0,0,0,0.797356
838,8.2,1,1,-0.240563
839,12.0,0,1,0.75919
840,12.0,0,1,2.187917
841,1.9,1,0,-0.756622
842,5.3,1,0,-0.986203
843,6.6,1,1,0.930741
844,12.0,0,0,0.942171
845,12.0,0,0,1.370557
846,0.8,1,1,0.262187
847,10.4,1,1,-1.523051
848,0.3,1,0,0.95913
849,7.9,1,0,2.100017
850,1.5,1,0,-0.600855
851,4.5,1,0,-0.158988
852,12.0,0,1,0.195685
853,12.0,0,1,-2.316323
854,12.0,0,1,-0.692141
855,12.0,0,1,-0.00175
856,12.0,0,0,0.60683
857,8.3,1,0,-0.690637
858,12.0,0,0,1.123865
859,3.1,1,1,0.122803
860,6.2,1,0,-1.081794
861,12.0,0,1,1.935171
862,0.1,1,0,1.228785
863,12.0,0,1,-1.268187
864,4.6,1,0,0.413594
865,12.0,0,0,0.068593
866,0.5,1,0,-0.79914
867,12.0,0,0,-0.325994
868,1.9,1,0,-0.07835
869,4.0,1,0,-2.209974
870,12.0,0,1,1.499075
871,12.0,0,0,-0.371551
872,1.7,1,0,0.299929
873,2.5,1,0,-0.230885
874,12.0,0,1,-1.283486
875,12.0,0,0,0.057986
876,3.0,1,1,0.076956
877,12.0,0,1,0.014543
878,12.0,0,0,0.134107
879,12.0,0,0,0.008678
880,11.2,1,0,-0.58522
881,12.0,0,0,0.914927
882,7.1,1,0,0.737796
883,5.0,1,1,0.523906
884,2.1,1,1,0.743882
885,12.0,0,1,-1.698314
886,12.0,0,0,-0.63828
887,2.3,1,0,-0.69186
888,5.8,1,1,2.389676
889,12.0,0,0,0.443609
890,12.0,0,1,-0.8068
891,11.2,1,0,1.146895
892,12.0,0,0,0.23842
893,12.0,0,1,-1.101424
894,12.0,0,1,-0.264158
895,2.8,1,0,-0.993827
896,12.0,0,0,0.449962
897,12.0,0,1,-0.219403
898,12.0,0,0,-0.019329
899,12.0,0,1,0.429266
900,10.9,1,1,-0.063183
901,12.0,0,0,0.293651
902,5.3,1,1,-0.804105
903,12.0,0,0,0.597258
904,10.8,1,1,-0.20172
905,12.0,0,1,0.688788
906,4.2,1,1,0.15456
907,12.0,0,0,-1.673506
908,11.5,1,1,0.330395
909,9.3,1,0,-0.913424
910,4.4,1,1,-1.451831
911,12.0,0,1,2.295608
912,12.0,0,1,-1.004974
913,12.0,0,1,-1.092368
914,8.1,1,1,0.416124
915,12.0,0,0,0.749391
916,12.0,0,0,0.66413
917,1.3,1,1,-2.039261
918,1.7,1,1,1.781301
919,12.0,0,0,-1.016592
920,12.0,0,1,-0.066975
921,4.3,1,0,-0.298975
922,8.7,1,0,0.673138
923,6.4,1,0,-2.202315
924,12.0,0,0,-1.590419
925,12.0,0,0,-1.510977
926,12.0,0,1,-1.198271
927,2.1,1,1,-1.348597
928,12.0,0,0,1.423287
929,12.0,0,1,-2.199051
930,2.8,1,0,0.340474
931,7.1,1,1,1.232744
932,12.0,0,0,-0.624067
933,12.0,0,1,1.450278
934,12.0,0,1,-0.095587
935,12.0,0,0,-1.988512
936,12.0,0,0,-0.286588
937,12.0,0,1,-1.572835
938,10.5,1,0,1.934731
939,0.2,1,1,1.319453
940,5.1,1,1,0.794745
941,3.6,1,0,-0.386533
942,4.1,1,1,0.70697
943,12.0,0,0,-0.778951
944,12.0,0,0,1.138467
945,12.0,0,1,0.616441
946,6.2,1,0,0.736118
947,10.7,1,0,1.560535
948,6.0,1,0,1.02636
949,0.9,1,1,1.64149
950,5.0,1,1,1.406624
951,12.0,0,0,-0.184908
952,10.6,1,0,0.875244
953,12.0,0,0,-2.316103
954,11.6,1,1,-0.291523
955,12.0,0,1,0.209349
956,12.0,0,0,-1.491982
957,12.0,0,0,-0.67962
958,12.0,0,0,-0.296759
959,0.8,1,0,0.551338
960,1.3,1,0,-0.61805
961,12.0,0,0,-1.065461
962,3.1,1,0,0.160719
963,12.0,0,1,0.706994
964,12.0,0,1,0.196323
965,12.0,0,0,0.884925
966,2.6,1,0,1.388989
967,12.0,0,0,-0.512279
968,3.5,1,1,-0.712758
969,12.0,0,0,0.184998
970,12.0,0,0,-0.420054
971,1.9,1,0,-0.43576
972,11.5,1,1,0.121876
973,3.1,1,1,-0.187153
974,12.0,0,1,1.198161
975,12.0,0,1,0.316004
976,12.0,0,1,-1.425127
977,12.0,0,0,0.317742
978,3.9,1,1,0.49278
979,1.7,1,1,-0.690795
980,4.1,1,0,1.397089
981,12.0,0,0,-0.228848
982,1.7,1,1,0.727291
983,8.7,1,1,-0.475387
984,12.0,0,0,-0.973056
985,12.0,0,1,-0.967533
986,12.0,0,0,-0.691173
987,12.0,0,0,-0.157182
988,12.0,0,1,0.879163
989,12.0,0,1,-1.431044
990,10.4,1,1,-1.210299
991,12.0,0,0,-0.614822
992,12.0,0,0,-0.475487
993,8.8,1,0,0.651089
994,12.0,0,0,0.677606
995,12.0,0,1,-0.990918
996,4.6,1,1,0.33653
997,2.2,1,1,-0.759521
998,12.0,0,0,-0.827635
999,2.6,1,1,-0.755697
1000,0.7,1,1,-0.374939
1001,12.0,0,0,1.000089
1002,12.0,0,1,0.009552
1003,12.0,0,0,-3.216038
1004,0.7,1,0,-0.619089
1005,12.0,0,0,-0.256017
1006,11.1,1,0,-1.772536
1007,12.0,0,1,0.848969
1008,3.6,1,1,0.02421
1009,6.1,1,1,-1.322987
1010,12.0,0,0,1.083833
1011,12.0,0,0,1.821119
1012,4.6,1,0,-0.510202
1013,12.0,0,0,1.02524
1014,4.6,1,0,1.336126
1015,5.3,1,0,0.029586
1016,9.1,1,1,1.432177
1017,12.0,0,0,-0.256409
1018,7.9,1,0,-0.037942
1019,0.0,1,0,-0.861084
1020,2.4,1,1,-1.051395
1021,12.0,0,1,-1.43593
1022,12.0,0,0,-0.256533
1023,12.0,0,0,1.680928
1024,12.0,0,0,-1.015716
1025,11.6,1,0,-0.345121
1026,12.0,0,0,-1.560805
1027,6.7,1,0,1.942992
1028,8.4,1,1,-0.557574
1029,1.0,1,0,-0.446096
1030,5.6,1,1,-0.334021
1031,4.6,1,0,0.447226
1032,12.0,0,0,1.543913
1033,2.0,1,1,-0.163142
1034,5.6,1,1,-0.158431
1035,12.0,0,1,-0.616641
1036,11.0,1,1,0.019637
1037,12.0,0,0,0.731466
1038,12.0,0,1,1.322728
1039,1.3,1,1,-0.889455
1040,4.1,1,1,1.854761
1041,12.0,0,0,0.088716
1042,12.0,0,0,-1.060373
1043,2.4,1,1,0.247436
1044,12.0,0,0,-0.575782
1045,8.8,1,0,-0.469724
1046,2.2,1,0,-0.522255
1047,11.1,1,0,1.936435
1048,0.9,1,1,0.017956
1049,12.0,0,1,-0.503075
1050,12.0,0,0,-0.559432
1051,12.0,0,1,-1.288666
1052,12.0,0,0,0.393821
1053,5.9,1,0,-0.204052
1054,12.0,0,0,0.585732
1055,12.0,0,0,0.158688
1056,12.0,0,0,-0.945049
1057,2.8,1,0,1.132695
1058,6.3,1,1,-0.415352
1059,12.0,0,0,1.318385
1060,6.2,1,1,-0.88705
1061,8.8,1,0,-0.679319
1062,12.0,0,0,0.49813
1063,12.0,0,0,0.909032
1064,9.4,1,0,-1.11724
1065,12.0,0,0,1.069722
1066,1.6,1,1,0.116872
1067,12.0,0,0,-0.661152
1068,12.0,0,0,0.039268
1069,8.8,1,1,-2.833435
1070,4.7,1,0,1.17272
1071,12.0,0,0,0.246794
1072,12.0,0,1,-0.261062
1073,4.8,1,1,0.09097
1074,5.7,1,1,0.098766
1075,12.0,0,1,-3.011739
1076,12.0,0,0,0.416376
1077,1.2,1,0,0.605399
1078,12.0,0,1,1.979556
1079,5.2,1,0,-0.23469
1080,1.1,1,0,-0.082365
1081,3.5,1,0,0.560599
1082,0.8,1,0,-0.831305
1083,3.6,1,1,-0.904733
1084,12.0,0,0,-1.803003
1085,0.1,1,1,3.223362
1086,0.7,1,1,-0.117333
1087,2.8,1,0,-0.375285
1088,6.6,1,1,1.271275
1089,5.3,1,1,0.631656
1090,12.0,0,0,-1.512522
1091,12.0,0,0,-0.612834
1092,2.7,1,0,-0.500822
1093,1.9,1,1,1.882366
1094,0.8,1,0,-0.082293
1095,9.3,1,1,0.538166
1096,0.1,1,0,0.266189
1097,10.7,1,0,1.271779
1098,3.3,1,0,0.532006
1099,7.1,1,1,1.543463
1100,5.6,1,1,-1.12223
1101,2.4,1,1,0.077758
1102,12.0,0,0,0.806303
1103,12.0,0,0,0.699809
1104,10.4,1,0,-0.395659
1105,0.7,1,1,-0.484641
1106,12.0,0,1,-0.571256
1107,12.0,0,0,-0.763841
1108,12.0,0,1,0.644511
1109,12.0,0,0,0.024592
1110,12.0,0,0,-0.305221
1111,10.0,1,0,-0.259519
1112,12.0,0,0,-0.162774
1113,12.0,0,0,-1.072194
1114,8.4,1,0,1.139644
1115,12.0,0,0,1.236434
1116,12.0,0,1,-0.585191
1117,3.5,1,1,-1.263044
1118,12.0,0,0,-2.404561
1119,5.3,1,0,-0.242751
1120,12.0,0,0,0.547126
1121,8.5,1,0,-1.085323
1122,1.6,1,1,-0.064544
1123,1.0,1,0,-0.095044
1124,2.4,1,0,-0.301823
1125,5.0,1,0,0.358662
1126,12.0,0,1,0.306359
1127,12.0,0,0,-0.26021
1128,3.4,1,1,-0.047585
1129,12.0,0,0,-1.856331
1130,12.0,0,0,-0.379196
1131,12.0,0,1,0.305174
1132,12.0,0,0,0.286942
1133,2.1,1,1,-0.262915
1134,4.5,1,1,-0.726926
1135,6.0,1,0,0.27441
1136,4.2,1,0,0.911814
1137,9.9,1,0,0.221701
1138,12.0,0,0,0.711859
1139,12.0,0,0,0.390045
1140,0.5,1,1,-0.084938
1141,4.0,1,0,0.551684
1142,11.7,1,1,-0.003241
1143,4.6,1,1,1.858953
1144,12.0,0,0,0.040416
1145,12.0,0,1,0.024121
1146,8.2,1,0,-0.22069
1147,12.0,0,0,0.210063
1148,12.0,0,0,-1.168309
1149,12.0,0,1,-1.954273
1150,12.0,0,0,-0.268215
1151,12.0,0,0,-0.060813
1152,11.7,1,0,-1.392283
1153,5.1,1,1,-0.831208
1154,5.3,1,0,1.790081
1155,4.2,1,1,0.703123
1156,5.0,1,1,-0.458752
1157,12.0,0,1,-0.437985
1158,2.4,1,0,1.112193
1159,12.0,0,0,-1.732625
1160,12.0,0,0,-0.071997
1161,5.2,1,1,2.005326
1162,1.2,1,1,2.883402
1163,0.5,1,1,0.302468
1164,9.0,1,1,-1.205798
1165,7.1,1,0,-0.659468
1166,7.1,1,0,1.910904
1167,12.0,0,0,0.601069
1168,12.0,0,1,0.330304
1169,10.8,1,1,-0.260486
1170,9.8,1,1,1.030634
1171,8.3,1,1,-0.570262
1172,9.6,1,0,1.719743
1173,6.6,1,0,1.005881
1174,12.0,0,0,-0.283758
1175,7.8,1,0,0.796844
1176,12.0,0,0,-0.653866
1177,1.3,1,1,0.818429
1178,12.0,0,0,0.513042
1179,12.0,0,0,-0.888518
1180,4.5,1,1,1.173092
1181,12.0,0,1,1.845232
1182,12.0,0,1,-0.31163
1183,0.2,1,0,-0.10611
1184,3.9,1,1,-0.234347
1185,3.8,1,1,-0.204143
1186,2.5,1,1,0.991322
1187,12.0,0,0,-1.255478
1188,5.4,1,1,0.621657
1189,8.6,1,1,1.144035
1190,6.9,1,0,1.872359
1191,0.8,1,1,0.882332
1192,12.0,0,1,-1.33515
1193,1.1,1,0,0.173878
1194,12.0,0,1,1.591727
1195,7.8,1,1,0.430108
1196,7.0,1,0,2.896611
1197,3.4,1,1,0.15581
1198,12.0,0,0,0.089353
1199,12.0,0,1,-0.667594
1200,0.6,1,0,0.659735
1201,6.9,1,0,-0.566008
1202,12.0,0,0,-2.15563
1203,10.0,1,1,-0.080312
1204,12.0,0,0,-2.120219
1205,12.0,0,1,1.504401
1206,12.0,0,1,-1.712977
1207,12.0,0,0,-0.476459
1208,3.5,1,0,0.989167
1209,2.9,1,0,-0.716302
1210,0.5,1,1,0.013622
1211,7.4,1,1,-1.353572
1212,4.5,1,1,1.275355
1213,12.0,0,0,-0.146958
1214,12.0,0,0,2.15235
1215,6.4,1,0,-0.214105
1216,12.0,0,1,0.810184
1217,3.9,1,1,0.013529
1218,3.2,1,0,-1.363159
1219,3.7,1,0,-0.000878
1220,3.9,1,0,0.612754
1221,12.0,0,0,-0.268513
1222,0.4,1,0,0.943616
1223,12.0,0,1,-0.014379
1224,12.0,0,0,-1.9678
1225,3.0,1,0,0.58213
1226,4.2,1,0,0.531477
1227,12.0,0,1,-0.174829
1228,6.0,1,1,0.895165
1229,12.0,0,1,-1.47107
1230,0.6,1,1,0.874508
1231,1.6,1,1,-0.065056
1232,8.3,1,1,-0.933114
1233,6.8,1,1,0.631348
1234,12.0,0,0,0.236318
1235,12.0,0,0,1.746819
1236,3.0,1,0,0.105952
1237,2.2,1,0,0.342827
1238,12.0,0,0,0.95657
1239,6.5,1,0,-1.76466
1240,6.2,1,0,-1.083331
1241,1.3,1,1,0.178011
1242,4.7,1,0,0.92355
1243,12.0,0,0,0.979188
1244,12.0,0,1,2.093071
1245,12.0,0,1,0.779998
1246,12.0,0,1,-1.812083
1247,12.0,0,0,0.68555
1248,0.6,1,0,0.796086
1249,5.5,1,0,2.170286
1250,12.0,0,0,-1.372838
1251,12.0,0,1,0.13051
1252,12.0,0,0,-0.043863
1253,12.0,0,0,-0.973289
1254,12.0,0,1,2.853371
1255,1.4,1,0,0.211897
1256,4.9,1,1,0.830292
1257,12.0,0,0,-0.108424
1258,12.0,0,1,-1.260174
1259,9.8,1,0,0.940199
1260,9.9,1,1,-0.526304
1261,1.2,1,1,-0.698358
1262,2.3,1,1,2.365205
1263,12.0,0,1,-0.532245
1264,12.0,0,1,-1.115907
1265,6.0,1,1,0.189763
1266,12.0,0,0,-1.361273
1267,2.4,1,0,1.488102
1268,9.0,1,0,-1.230763
1269,8.3,1,0,0.125119
1270,6.8,1,1,-0.528854
1271,0.0,1,0,-0.142078
1272,0.5,1,0,-0.596178
1273,0.4,1,1,-0.763753
1274,12.0,0,1,-2.272048
1275,7.0,1,1,0.569505
1276,12.0,0,0,-1.151032
1277,12.0,0,0,-0.034767
1278,11.5,1,0,0.734831
1279,12.0,0,0,1.259567
1280,7.6,1,1,1.637739
1281,2.7,1,0,1.206054
1282,6.1,1,0,0.796176
1283,2.4,1,1,0.094933
1284,12.0,0,0,-0.158552
1285,12.0,0,0,-0.149486
1286,1.9,1,1,-0.425389
1287,12.0,0,0,-0.692723
1288,11.6,1,1,0.631957
1289,1.6,1,0,0.063969
1290,1.4,1,1,-0.549759
1291,0.3,1,1,0.406841
1292,7.1,1,0,-0.349285
1293,7.4,1,0,0.646325
1294,1.4,1,0,2.521849
1295,12.0,0,0,0.246313
1296,12.0,0,1,0.27726
1297,12.0,0,1,-1.328042
1298,12.0,0,0,-1.933011
1299,4.2,1,1,1.957473
1300,12.0,0,1,-1.126291
1301,12.0,0,0,0.994951
1302,7.5,1,0,-1.313891
1303,8.2,1,0,-0.027337
1304,12.0,0,1,-0.227001
1305,12.0,0,0,0.001109
1306,1.0,1,0,1.839869
1307,0.6,1,1,-0.022223
1308,2.0,1,1,2.306416
1309,12.0,0,0,1.207188
1310,4.7,1,0,0.233754
1311,12.0,0,0,-0.24716
1312,2.2,1,0,-1.459524
1313,12.0,0,0,0.850095
1314,6.2,1,0,-0.723801
1315,1.5,1,1,-1.057075
1316,12.0,0,0,1.5998
1317,12.0,0,0,1.165514
1318,1.3,1,1,0.573237
1319,2.2,1,1,0.755342
1320,12.0,0,0,-1.764575
1321,12.0,0,0,-1.142573
1322,12.0,0,0,-0.408194
1323,12.0,0,1,-0.889624
1324,7.5,1,0,-0.238973
1325,1.0,1,0,0.867363
1326,12.0,0,0,1.66489
1327,4.1,1,1,0.810943
1328,12.0,0,1,-0.849768
1329,12.0,0,0,2.173263
1330,12.0,0,0,-0.406776
1331,2.4,1,1,0.153421
1332,12.0,0,0,-0.267174
1333,12.0,0,1,0.224436
1334,12.0,0,1,-0.445355
1335,1.3,1,1,1.656505
1336,12.0,0,1,0.142416
1337,12.0,0,1,-0.14594
1338,12.0,0,1,-0.120194
1339,1.6,1,1,0.561097
1340,12.0,0,0,-1.399335
1341,12.0,0,0,-0.883403
1342,7.3,1,0,-0.697687
1343,12.0,0,0,-0.021039
1344,12.0,0,1,-0.419456
1345,4.7,1,1,0.554577
1346,12.0,0,0,-1.929669
1347,12.0,0,0,1.674443
1348,1.7,1,1,0.871373
1349,12.0,0,0,-0.091656
1350,1.4,1,0,0.165496
1351,9.9,1,0,-2.123725
1352,2.4,1,1,0.64541
1353,1.9,1,1,0.596668
1354,0.6,1,1,0.178084
1355,10.7,1,1,1.996732
1356,2.1,1,1,0.411539
1357,2.1,1,1,1.104938
1358,12.0,0,0,1.076325
1359,5.0,1,1,0.88571
1360,12.0,0,0,0.147374
1361,12.0,0,1,-2.679077
1362,12.0,0,0,-0.994888
1363,1.9,1,0,0.594192
1364,2.5,1,1,0.822662
1365,4.0,1,0,-0.46068
1366,4.5,1,0,0.513868
1367,6.2,1,1,0.350399
1368,12.0,0,1,-0.588639
1369,12.0,0,1,-0.902961
1370,4.4,1,0,0.70855
1371,12.0,0,0,-1.263205
1372,10.0,1,0,0.959039
1373,12.0,0,0,1.128144
1374,5.5,1,1,0.925886
1375,12.0,0,0,-1.108253
1376,12.0,0,0,0.076561
1377,1.0,1,1,0.891914
1378,9.1,1,1,-1.350552
1379,12.0,0,1,-1.776055
1380,11.1,1,1,0.172367
1381,0.4,1,1,-3.542224
1382,12.0,0,1,-0.997794
1383,12.0,0,1,-0.661782
1384,10.1,1,1,2.056509
1385,1.6,1,0,-0.227509
1386,12.0,0,0,0.400895
1387,4.7,1,0,0.965888
1388,6.5,1,0,0.180157
1389,12.0,0,0,-1.879802
1390,12.0,0,1,-0.86512
1391,2.7,1,0,0.795359
1392,12.0,0,0,0.015033
1393,12.0,0,1,-0.073144
1394,1.5,1,0,-0.575147
1395,0.1,1,1,1.094841
1396,3.1,1,0,0.725445
1397,12.0,0,0,1.542758
1398,8.3,1,1,-0.408457
1399,11.9,1,0,0.686675
1400,12.0,0,1,0.464784
1401,12.0,0,0,-0.942604
1402,12.0,0,0,0.532924
1403,12.0,0,1,-2.193782
1404,12.0,0,0,-0.567322
1405,7.9,1,1,1.228128
1406,12.0,0,1,-1.263706
1407,2.0,1,1,0.094943
1408,12.0,0,0,1.612185
1409,12.0,0,0,-1.897568
1410,2.4,1,1,-0.949021
1411,12.0,0,0,0.551675
1412,12.0,0,1,0.300562
1413,12.0,0,1,0.730803
1414,7.8,1,1,0.978576
1415,0.5,1,0,-0.058868
1416,12.0,0,0,-1.203274
1417,12.0,0,0,0.751844
1418,12.0,0,0,0.348227
1419,12.0,0,0,-1.217767
1420,12.0,0,0,1.393202
1421,12.0,0,0,-0.968432
1422,9.6,1,0,2.492622
1423,9.6,1,0,0.682921
1424,0.0,1,0,0.972595
1425,3.8,1,0,0.148232
1426,12.0,0,1,-0.21756
1427,12.0,0,1,-1.709375
1428,1.1,1,1,1.176212
1429,9.5,1,1,-0.832107
1430,12.0,0,1,-1.085439
1431,12.0,0,1,-0.154895
1432,6.0,1,1,0.559773
1433,12.0,0,0,0.71497
1434,10.1,1,0,-1.391666
1435,12.0,0,1,-0.21008
1436,6.8,1,0,0.290674
1437,12.0,0,1,-2.150213
1438,3.7,1,1,0.619522
1439,12.0,0,0,0.128915
1440,8.7,1,0,-1.341759
1441,1.5,1,1,-1.373892
1442,12.0,0,0,0.547094
1443,1.7,1,1,-1.37074
1444,12.0,0,0,-0.744073
1445,10.7,1,1,-1.658357
1446,8.3,1,0,-1.508372
1447,12.0,0,1,-0.32769
1448,0.5,1,1,1.084549
1449,12.0,0,0,-0.23203
1450,12.0,0,0,1.170923
1451,8.1,1,1,-0.503712
1452,8.1,1,1,-1.066898
1453,11.5,1,1,0.717306
1454,0.3,1,0,1.035691
1455,12.0,0,1,1.639033
1456,12.0,0,0,0.41396
1457,2.5,1,1,0.594791
1458,12.0,0,0,-1.599433
1459,12.0,0,0,0.098106
1460,2.4,1,0,0.716475
1461,0.2,1,1,-0.787562
1462,12.0,0,1,-0.47328
1463,12.0,0,0,1.166861
1464,11.0,1,1,0.548918
1465,3.2,1,1,-0.077343
1466,12.0,0,1,-1.073085
1467,12.0,0,0,0.077917
1468,2.8,1,0,0.982301
1469,11.1,1,0,0.738622
1470,12.0,0,0,-0.007286
1471,12.0,0,1,-0.760336
1472,12.0,0,1,-0.098147
1473,12.0,0,1,-1.918157
1474,12.0,0,0,-0.598647
1475,11.2,1,0,0.522549
1476,12.0,0,0,-1.111838
1477,1.8,1,1,1.061785
1478,12.0,0,1,-0.778946
1479,12.0,0,0,-1.531212
1480,1.4,1,1,1.709796
1481,12.0,0,0,0.064835
1482,2.0,1,0,-0.029297
1483,12.0,0,0,-0.531794
1484,12.0,0,1,-1.508652
1485,12.0,0,1,-0.851184
1486,1.4,1,1,1.680676
1487,4.9,1,1,0.556265
1488,0.1,1,0,0.337412
1489,1.8,1,1,1.996932
1490,0.3,1,1,-1.451111
1491,9.7,1,0,-0.820059
1492,12.0,0,0,-0.144591
1493,12.0,0,1,0.62029
1494,12.0,0,0,-0.154098
1495,12.0,0,1,-1.111517
1496,12.0,0,0,-2.480059
1497,12.0,0,0,-0.515152
1498,12.0,0,0,-0.013971
1499,3.3,1,0,1.049769
1500,12.0,0,1,1.804962
