id,exposed,covariate,outcome
1,0,-0.458366,1
2,0,1.243968,0
3,1,0.375897,0
4,0,-2.320876,0
5,1,1.106521,1
6,1,1.018371,0
7,1,1.243835,1
8,1,-0.961689,0
9,1,-0.642439,0
10,0,0.034393,0
11,0,1.588955,0
12,0,0.484525,0
13,0,0.978315,0
14,1,-0.077936,0
15,1,0.251264,0
16,0,0.655491,0
17,0,-0.28048,0
18,0,1.010378,0
19,0,-0.358186,0
20,0,-1.041533,0
21,1,-0.007512,1
22,0,0.243915,0
23,0,-0.794963,0
24,0,-2.011921,0
25,0,0.861828,1
26,0,0.326225,1
27,0,-0.818362,0
28,0,-0.839705,0
29,0,1.245657,1
30,0,0.605037,1
31,1,-1.677953,0
32,1,-1.765136,0
33,0,1.19101,0
34,1,0.487086,0
35,0,-0.630435,0
36,0,0.449068,0
37,0,0.661633,0
38,0,0.210193,0
39,1,-0.825824,0
40,0,-0.006967,0
41,0,-0.262421,0
42,0,0.080435,0
43,0,-1.888885,0
44,0,-0.161438,0
45,1,0.72868,0
46,0,-0.962981,0
47,0,-0.548373,0
48,0,0.041043,0
49,1,1.733331,0
50,0,-0.017991,0
51,1,1.080854,0
52,0,0.362656,0
53,1,0.383603,0
54,1,-0.151749,0
55,0,0.538096,0
56,1,-0.033465,0
57,0,1.157046,0
58,0,0.257946,0
59,1,-0.294882,0
60,0,-1.818306,0
61,1,-0.523374,0
62,1,2.218936,1
63,1,0.118698,0
64,0,0.321648,0
65,0,-0.384429,0
66,0,1.106712,0
67,0,-0.582357,0
68,0,-0.380657,0
69,0,1.757984,0
70,1,-0.233635,0
71,0,0.192296,0
72,1,0.473248,0
73,1,0.027213,0
74,0,0.758269,0
75,0,0.018127,0
76,0,0.337196,0
77,0,1.861705,1
78,0,-1.73888,0
79,0,0.103747,0
80,0,1.195763,0
81,0,-0.150594,1
82,0,-0.918972,0
83,1,-1.26958,0
84,0,0.811709,0
85,0,0.750115,0
86,1,-0.686328,0
87,1,-0.62076,0
88,1,-0.132413,0
89,0,0.206045,0
90,1,-0.007933,0
91,0,0.551668,1
92,1,-2.883782,0
93,0,0.373284,0
94,1,0.689276,1
95,0,0.756514,0
96,1,-1.231319,0
97,0,-0.631528,0
98,0,0.974455,0
99,0,-0.673267,0
100,1,0.452981,0
101,0,-0.532894,0
102,0,-0.488134,0
103,1,1.417125,0
104,0,-0.827327,0
105,1,1.076079,1
106,1,-1.254746,0
107,1,0.175239,0
108,0,0.091975,0
109,0,0.736333,1
110,1,0.72409,0
111,0,-2.567353,0
112,0,-0.34984,0
113,0,0.703284,0
114,1,-0.099085,0
115,0,0.034016,0
116,0,0.126055,0
117,1,-1.320925,1
118,0,-0.424865,0
119,0,0.757248,0
120,0,1.629533,0
121,0,-0.538047,0
122,1,-0.02931,0
123,1,0.229954,1
124,0,-0.465473,0
125,1,0.169129,0
126,0,0.086672,0
127,0,0.691962,1
128,0,-1.02152,0
129,0,1.019295,0
130,0,-0.748126,0
131,0,0.513677,0
132,1,-0.279342,1
133,1,0.155386,0
134,1,-1.612788,0
135,0,-1.97575,0
136,0,0.120591,1
137,0,-0.080954,0
138,0,0.465301,1
139,0,-0.509214,0
140,0,0.29917,0
141,0,-0.363962,0
142,1,-1.273851,0
143,0,-0.567924,0
144,1,0.798842,0
145,0,1.15098,0
146,0,1.819363,1
147,1,1.091844,1
148,1,-1.040138,0
149,1,-2.089591,0
150,0,-0.238567,0
151,0,0.679014,0
152,0,-1.368941,0
153,0,1.5311,0
154,0,-0.324902,0
155,0,-0.208922,0
156,1,-0.822153,0
157,0,-1.554337,0
158,1,-0.218732,0
159,0,-0.405076,0
160,0,0.410709,0
161,0,0.119103,0
162,1,0.421911,0
163,0,-0.618596,0
164,0,-1.69526,1
165,1,0.410258,0
166,1,-0.043066,0
167,0,0.246755,0
168,1,-0.624748,0
169,0,1.140979,0
170,0,1.519433,0
171,0,-1.101773,0
172,0,0.224419,0
173,0,0.831346,1
174,1,-0.655695,0
175,0,1.44065,0
176,0,1.42243,0
177,1,1.219291,0
178,0,-1.533778,0
179,1,0.42986,0
180,1,-2.002334,0
181,0,0.366468,0
182,1,0.154875,0
183,0,0.693487,0
184,1,0.310643,1
185,1,-0.249173,0
186,1,-1.021354,0
187,0,0.369233,0
188,0,-1.969,0
189,0,0.110242,0
190,0,-0.91156,0
191,1,1.27367,0
192,0,-1.614921,0
193,0,0.782741,0
194,1,-0.357599,1
195,1,-1.182483,0
196,0,0.545256,0
197,0,-0.503304,0
198,1,0.73638,0
199,0,-1.41659,0
200,0,-0.326127,0
201,1,-3.155666,0
202,1,1.046497,1
203,1,0.307079,0
204,0,0.130092,0
205,0,-0.248968,1
206,1,0.421072,1
207,0,-0.574747,1
208,0,-1.558971,0
209,1,-0.320252,0
210,1,0.769942,0
211,0,0.617677,0
212,1,-0.08206,0
213,0,-0.567147,0
214,0,-0.388946,0
215,0,1.092444,0
216,1,-0.448878,0
217,0,-1.126173,1
218,1,-1.637549,0
219,1,-0.026984,0
220,0,-0.040289,0
221,0,-0.33993,0
222,0,-1.618981,0
223,1,0.622654,0
224,0,-0.370805,0
225,0,1.800641,0
226,0,-0.190859,0
227,1,-0.09647,0
228,0,-1.73781,1
229,1,-0.296587,1
230,0,0.662908,1
231,0,2.034142,0
232,1,2.651185,0
233,0,-1.558621,0
234,0,-0.321013,0
235,0,0.034436,0
236,0,0.555345,0
237,1,0.354015,0
238,1,0.492031,0
239,1,-0.712755,0
240,1,-0.528207,0
241,0,-0.361561,0
242,1,0.278588,0
243,0,-0.507232,0
244,1,-0.228427,0
245,0,-0.143147,0
246,1,0.383584,0
247,0,-0.272309,0
248,0,-1.192803,0
249,1,2.516705,0
250,0,3.230704,1
251,1,-0.552669,1
252,0,0.89181,0
253,1,1.653764,0
254,0,-0.211074,0
255,0,-2.125289,0
256,0,-0.653135,0
257,0,-0.340087,0
258,0,0.324353,0
259,1,0.719637,0
260,0,0.368723,1
261,0,-1.500294,0
262,0,-0.370418,0
263,1,-0.869689,0
264,0,1.406073,0
265,1,0.347004,0
266,0,-1.068743,0
267,0,-1.084877,0
268,0,1.060917,0
269,0,-0.221802,0
270,1,-1.954267,0
271,0,0.6888,0
272,0,1.173764,0
273,0,0.424177,0
274,1,0.806938,1
275,1,-0.441094,0
276,0,-0.557069,0
277,1,-0.800575,0
278,0,0.826058,0
279,1,1.303819,1
280,0,0.474122,0
281,0,-0.584258,0
282,0,-1.652884,0
283,0,-0.169349,0
284,1,-0.403762,0
285,1,0.790395,0
286,0,1.411509,1
287,1,1.062554,0
288,1,-0.825768,0
289,1,0.667631,0
290,1,-0.401099,0
291,1,0.988503,0
292,1,-2.200939,0
293,1,0.561813,0
294,0,-0.999891,0
295,1,-0.201521,0
296,1,-0.867517,0
297,1,-0.540851,0
298,1,0.616406,0
299,0,0.062668,0
300,1,-0.765356,0
301,1,-0.431336,0
302,0,1.596447,0
303,1,-0.177642,0
304,0,0.185901,0
305,0,-0.485801,0
306,1,-0.194858,0
307,1,-0.109575,0
308,1,0.75728,1
309,0,2.095799,0
310,0,0.748322,0
311,1,0.710794,0
312,0,0.857833,0
313,1,1.379436,0
314,1,1.605841,0
315,1,1.650076,0
316,0,1.046626,0
317,0,0.317757,0
318,1,-0.264408,0
319,0,0.699748,0
320,1,-0.010962,0
321,0,-0.508989,1
322,0,1.887279,0
323,0,-0.207027,0
324,0,-1.630222,0
325,1,1.642588,1
326,1,1.751913,0
327,0,-0.954958,0
328,0,-1.349352,0
329,0,-0.032324,1
330,0,-2.040696,0
331,1,-0.251501,0
332,0,0.522636,0
333,0,-0.536545,0
334,1,-1.492615,0
335,1,0.019331,0
336,0,0.4113,1
337,1,1.051481,0
338,0,0.075495,0
339,0,0.776297,0
340,0,-0.36598,0
341,1,-2.588092,0
342,0,1.532486,0
343,0,0.336264,0
344,0,-1.119208,0
345,0,-2.266744,0
346,1,-0.063067,1
347,0,0.878954,0
348,0,1.314877,1
349,0,-1.075503,0
350,1,-0.026555,0
351,0,-0.029411,0
352,1,-1.388061,0
353,0,-1.360499,0
354,1,-1.046475,0
355,0,-0.061003,0
356,1,-1.531846,0
357,1,1.246038,0
358,0,0.16322,0
359,0,0.685621,0
360,0,-0.474366,0
361,0,-0.610769,0
362,0,-1.236276,0
363,1,0.550548,1
364,0,0.833999,0
365,0,-0.72181,1
366,0,0.206187,0
367,1,-0.993295,0
368,1,-0.1293,0
369,0,0.020107,1
370,0,0.870338,0
371,0,0.828194,0
372,0,-0.418716,0
373,0,-0.392817,0
374,0,-0.517613,0
375,1,1.544598,0
376,0,0.457496,0
377,1,1.611598,0
378,1,-1.898201,0
379,0,0.102486,0
380,0,1.29464,0
381,0,-0.271154,0
382,1,0.412194,0
383,0,0.361597,0
384,0,2.603273,0
385,0,-1.530402,0
386,1,-0.68557,1
387,0,0.687522,0
388,0,-0.038288,0
389,0,-0.586558,0
390,1,-1.943311,0
391,0,0.433624,1
392,1,-0.080492,0
393,1,0.065643,0
394,0,-2.273198,0
395,1,0.461748,0
396,0,-0.135772,0
397,1,0.11693,0
398,0,-0.469783,0
399,0,-0.804148,0
400,0,0.301192,0
401,0,-0.607076,0
402,1,0.418016,1
403,1,-0.255694,0
404,1,0.664022,0
405,0,-0.219002,0
406,1,0.26323,0
407,1,-1.533418,0
408,0,-0.957537,0
409,0,-1.337357,0
410,1,-0.034748,0
411,0,1.099488,0
412,0,-0.225178,0
413,1,0.671202,0
414,1,0.963709,0
415,1,1.181689,0
416,0,-0.996622,0
417,1,0.117236,0
418,0,-1.29259,0
419,1,-0.571097,0
420,1,-0.138659,0
421,0,0.23313,0
422,1,-0.960279,0
423,0,-1.784566,0
424,0,0.312561,0
425,0,1.209451,0
426,0,0.148775,0
427,0,1.30304,0
428,0,0.112341,0
429,1,0.121088,0
430,1,0.414588,0
431,1,-0.187537,0
432,0,1.257877,1
433,0,-2.150671,0
434,1,-0.786867,0
435,0,-0.391635,0
436,0,0.958755,1
437,0,0.509019,0
438,1,-2.32361,0
439,0,-0.869205,0
440,1,-1.086407,0
441,1,-0.336293,1
442,1,-0.818107,0
443,0,-0.310561,0
444,0,1.608941,0
445,1,1.126745,0
446,0,0.797814,0
447,1,-0.530556,0
448,1,-0.763529,0
449,0,1.526895,0
450,0,-0.850146,0
451,1,0.30594,0
452,0,2.059408,0
453,0,1.149724,0
454,1,-1.3745,0
455,0,0.609473,1
456,0,-0.920328,0
457,1,0.320947,0
458,0,0.532058,0
459,0,-1.448374,1
460,1,-0.30219,0
461,0,-0.541103,0
462,0,-0.498404,0
463,0,0.161018,0
464,1,1.248813,0
465,0,0.571689,0
466,1,-0.262919,0
467,1,-0.59485,0
468,1,-0.378886,0
469,1,-1.35528,0
470,1,-0.805571,0
471,1,-0.600405,0
472,0,-0.232454,0
473,0,-0.232124,0
474,1,0.190006,0
475,0,-0.956611,1
476,0,0.640503,0
477,0,-0.55314,0
478,0,-0.114082,1
479,1,-0.135838,0
480,0,1.264476,0
481,1,-0.580208,0
482,0,1.051618,1
483,0,-0.414702,0
484,0,-0.008258,0
485,1,-1.321849,1
486,0,0.047024,1
487,0,-0.325328,0
488,0,-1.807239,0
489,1,1.194221,0
490,1,-3.388999,0
491,1,-0.443036,0
492,0,1.503929,0
493,1,-1.263275,0
494,0,1.267074,0
495,1,0.664276,0
496,0,-1.521111,0
497,1,-0.750759,0
498,1,-0.283528,0
499,0,0.885997,0
500,1,-1.164734,1
501,1,0.144431,0
502,1,-1.439779,0
503,0,1.098049,0
504,0,0.302394,0
505,0,0.475318,0
506,1,0.301771,0
507,0,2.074528,0
508,0,1.546422,0
509,0,-1.319428,0
510,0,1.217996,0
511,1,-1.433424,0
512,1,3.672214,0
513,0,-0.020245,0
514,1,-0.185002,0
515,0,1.296767,0
516,1,-1.163802,0
517,1,0.204642,0
518,0,-0.70494,0
519,1,-0.401738,0
520,0,1.302676,0
521,0,0.411605,0
522,0,-0.390914,0
523,0,-0.960187,0
524,0,-0.73384,1
525,1,0.78586,0
526,1,1.113454,0
527,0,-0.555352,0
528,1,-0.958289,0
529,0,-0.446934,0
530,0,-0.51191,0
531,0,-1.774548,0
532,0,0.085816,0
533,1,-1.079121,0
534,1,-0.791224,0
535,0,0.927536,0
536,0,1.247645,0
537,1,0.165532,0
538,0,-0.000414,0
539,0,0.649734,0
540,0,-1.121514,0
541,1,-0.398885,0
542,0,-0.653781,0
543,0,-1.085331,0
544,1,-0.809056,0
545,0,-1.743084,0
546,1,-0.461104,0
547,0,0.734019,0
548,1,0.709382,0
549,1,0.540162,1
550,1,1.132866,0
551,1,1.539032,0
552,0,0.678397,0
553,0,0.116107,0
554,1,1.45227,1
555,0,-0.417756,1
556,1,-0.452178,0
557,0,1.712361,0
558,1,0.875019,0
559,1,0.760367,1
560,0,-0.811096,0
561,0,0.722033,0
562,0,0.891505,0
563,0,-0.214581,0
564,0,-0.752413,0
565,0,1.434136,0
566,0,-0.969446,1
567,0,-0.325472,0
568,0,1.628479,0
569,1,1.838123,0
570,1,1.673966,0
571,1,-1.320982,0
572,1,-0.500082,0
573,0,-0.075669,0
574,1,-1.159242,0
575,0,0.667803,1
576,0,0.152087,0
577,0,0.037649,0
578,0,-0.751253,1
579,0,0.124196,0
580,0,0.287684,0
581,0,-0.142789,0
582,0,-0.746846,0
583,0,-0.032875,1
584,1,-0.142839,1
585,0,0.076783,0
586,0,-0.264475,0
587,0,1.286981,0
588,1,-1.119566,0
589,0,1.239333,1
590,1,0.392454,1
591,1,-0.76674,0
592,0,0.063616,0
593,0,-1.19752,0
594,1,0.310485,0
595,0,1.393482,0
596,0,-0.361693,0
597,0,1.482578,0
598,1,1.56459,1
599,1,0.217212,0
600,0,-0.191926,0
601,1,-1.493217,0
602,1,-2.41391,0
603,0,-0.038025,0
604,0,-0.166853,0
605,0,0.247461,0
606,1,-0.818224,0
607,1,0.992251,1
608,1,1.156931,1
609,1,2.323997,1
610,1,-0.612606,0
611,0,-1.676287,0
612,1,-0.214861,0
613,1,-0.286035,0
614,1,-0.440577,0
615,1,2.734215,0
616,1,-0.923303,1
617,1,-0.383185,0
618,1,0.931349,0
619,1,0.755659,0
620,0,-1.134431,0
621,1,-1.009928,0
622,0,1.405315,0
623,0,-1.312087,0
624,0,0.70877,0
625,0,-0.171174,0
626,0,0.221854,0
627,0,-2.508556,0
628,0,-1.02136,0
629,0,-0.399404,0
630,1,-0.298676,0
631,1,-0.669297,0
632,0,-0.215925,0
633,0,0.758866,0
634,0,-0.672588,0
635,0,0.251856,1
636,0,1.19736,0
637,0,1.463799,0
638,0,1.1293,0
639,0,0.695876,0
640,1,-0.347652,0
641,1,0.083958,0
642,0,0.303283,0
643,0,-0.978601,0
644,1,0.485877,0
645,1,-1.903284,0
646,0,-0.48866,1
647,1,0.03749,1
648,1,0.819416,0
649,1,-0.526717,0
650,1,-0.046748,0
651,1,-1.609006,0
652,1,0.883741,0
653,0,-0.939201,0
654,0,0.173204,0
655,0,-0.870447,0
656,0,1.5589,0
657,1,-1.262263,0
658,1,-1.492733,0
659,1,-0.387649,0
660,1,-0.541535,0
661,1,-0.530544,1
662,0,-1.135068,0
663,1,0.323669,0
664,0,0.766444,0
665,0,0.012009,1
666,0,1.414214,0
667,0,0.45529,0
668,0,-2.153556,0
669,0,-0.4424,0
670,0,-0.148711,1
671,0,-0.868821,0
672,0,-0.164905,0
673,0,1.318883,0
674,0,2.222928,0
675,1,-1.290706,0
676,1,0.108061,0
677,0,-1.199668,0
678,1,-0.5315,0
679,0,-0.436219,0
680,1,0.195462,0
681,1,-0.77696,0
682,0,-0.589712,0
683,0,-1.021502,0
684,0,-0.105702,0
685,0,1.274211,1
686,1,-1.004589,0
687,1,0.511282,0
688,1,-0.293731,1
689,0,-1.21328,0
690,0,-0.595067,0
691,0,-1.168106,0
692,0,1.211832,0
693,0,-0.37354,0
694,0,-0.057378,0
695,1,-0.850436,0
696,0,0.275504,0
697,1,-0.166912,0
698,0,0.847092,0
699,0,-0.145157,0
700,0,-1.472531,0
701,1,-0.068905,0
702,1,1.796708,0
703,1,-0.435461,1
704,0,-1.250826,0
705,0,0.62407,0
706,0,0.228018,0
707,1,-1.106419,0
708,0,0.030063,0
709,0,1.233593,0
710,1,1.540511,0
711,0,-0.708988,0
712,1,-0.269105,0
713,0,0.951865,0
714,0,2.11599,0
715,0,1.201771,0
716,0,-0.011528,0
717,1,-1.381794,0
718,0,-1.282668,0
719,1,-0.27487,0
720,0,-0.101081,0
721,1,-0.582804,0
722,0,0.436993,0
723,0,0.483328,0
724,1,-1.218097,0
725,1,0.036561,1
726,0,-0.425824,0
727,0,-1.373016,1
728,1,0.947477,0
729,1,0.902293,0
730,0,-0.380905,0
731,0,-0.408943,0
732,1,1.936121,0
733,0,-1.560096,0
734,0,1.055211,0
735,0,-1.19121,0
736,1,1.450423,0
737,1,0.12649,0
738,0,1.724194,0
739,0,0.322187,0
740,1,-0.923826,0
741,0,-1.093969,1
742,0,0.217227,0
743,0,0.770468,0
744,1,-0.11499,0
745,0,-0.046674,0
746,1,-0.22924,0
747,1,-1.158595,0
748,1,0.188571,0
749,0,0.171963,0
750,0,-1.376857,0
751,1,0.987017,0
752,0,0.465628,0
753,1,-0.763315,0
754,1,-1.052167,0
755,0,-1.018942,0
756,0,1.126327,1
757,1,-1.487081,1
758,0,1.803598,0
759,1,0.409821,0
760,0,1.425323,0
761,1,0.605542,0
762,0,-1.659686,0
763,0,1.18031,0
764,1,-0.13394,0
765,0,0.697576,0
766,0,-0.293033,0
767,0,-0.899896,0
768,0,0.873338,0
769,0,1.665798,0
770,0,0.529242,0
771,1,-0.555629,0
772,0,0.60743,0
773,1,-0.416734,0
774,0,-0.390408,0
775,0,-2.953207,0
776,0,-0.261922,0
777,1,-0.972359,0
778,0,1.490839,0
779,0,-0.74181,0
780,1,-1.24072,0
781,1,-1.609071,0
782,0,1.114971,0
783,1,-0.1976,0
784,1,-0.104771,1
785,0,-0.261822,0
786,0,0.446882,0
787,0,0.8034,0
788,1,0.920724,0
789,0,-2.35438,0
790,0,2.969861,0
791,0,0.385972,0
792,1,0.133627,0
793,1,0.637637,0
794,0,0.956517,0
795,0,-0.126365,1
796,1,-0.046794,0
797,1,-1.364423,0
798,0,-0.361044,0
799,1,1.703884,0
800,0,0.016055,0
801,1,-0.241697,1
802,1,1.01432,0
803,1,-0.677451,0
804,0,-0.949944,0
805,0,-0.477956,0
806,0,0.772152,0
807,0,-1.217997,0
808,0,-0.465387,0
809,1,0.859019,0
810,0,-0.07061,0
811,0,-1.504781,0
812,1,-0.470675,0
813,1,-0.213105,0
814,0,-0.089815,0
815,1,0.890922,1
816,1,-0.066977,0
817,0,-0.859429,0
818,0,-0.126971,0
819,0,2.14043,1
820,1,-1.88254,0
821,1,-0.264561,0
822,0,-0.518285,0
823,0,-1.219318,0
824,1,1.367299,0
825,0,-0.294076,0
826,1,0.069972,0
827,1,0.415821,1
828,0,0.226807,0
829,1,-1.263282,0
830,1,0.355898,0
831,0,0.177406,0
832,0,-0.353694,0
833,0,-0.892139,0
834,1,-0.382526,0
835,1,0.055541,0
836,0,2.148432,0
837,0,0.797356,0
838,1,-0.240563,0
839,0,0.75919,0
840,1,2.187917,0
841,0,-0.756622,1
842,0,-0.986203,0
843,1,0.930741,0
844,0,0.942171,0
845,0,1.370557,0
846,1,0.262187,1
847,1,-1.523051,0
848,0,0.95913,1
849,0,2.100017,0
850,0,-0.600855,1
851,0,-0.158988,0
852,1,0.195685,0
853,0,-2.316323,0
854,1,-0.692141,0
855,1,-0.00175,0
856,0,0.60683,0
857,0,-0.690637,0
858,0,1.123865,0
859,1,0.122803,0
860,0,-1.081794,0
861,1,1.935171,0
862,0,1.228785,1
863,1,-1.268187,0
864,0,0.413594,0
865,0,0.068593,0
866,0,-0.79914,1
867,0,-0.325994,0
868,0,-0.07835,1
869,0,-2.209974,0
870,1,1.499075,0
871,0,-0.371551,0
872,0,0.299929,1
873,0,-0.230885,0
874,1,-1.283486,0
875,0,0.057986,0
876,1,0.076956,0
877,1,0.014543,0
878,0,0.134107,0
879,0,0.008678,0
880,0,-0.58522,0
881,0,0.914927,0
882,0,0.737796,0
883,1,0.523906,0
884,1,0.743882,0
885,1,-1.698314,0
886,0,-0.63828,0
887,0,-0.69186,0
888,1,2.389676,0
889,0,0.443609,0
890,1,-0.8068,0
891,0,1.146895,0
892,0,0.23842,0
893,1,-1.101424,0
894,1,-0.264158,0
895,0,-0.993827,0
896,0,0.449962,0
897,1,-0.219403,0
898,0,-0.019329,0
899,0,0.429266,0
900,1,-0.063183,0
901,0,0.293651,0
902,1,-0.804105,0
903,0,0.597258,0
904,1,-0.20172,0
905,1,0.688788,0
906,1,0.15456,0
907,0,-1.673506,0
908,1,0.330395,0
909,0,-0.913424,0
910,1,-1.451831,0
911,1,2.295608,0
912,1,-1.004974,0
913,0,-1.092368,0
914,0,0.416124,0
915,0,0.749391,0
916,0,0.66413,0
917,1,-2.039261,1
918,1,1.781301,1
919,0,-1.016592,0
920,1,-0.066975,0
921,0,-0.298975,0
922,0,0.673138,0
923,0,-2.202315,0
924,0,-1.590419,0
925,0,-1.510977,0
926,1,-1.198271,0
927,1,-1.348597,1
928,0,1.423287,0
929,1,-2.199051,0
930,0,0.340474,0
931,1,1.232744,0
932,0,-0.624067,0
933,1,1.450278,0
934,1,-0.095587,0
935,0,-1.988512,0
936,0,-0.286588,0
937,1,-1.572835,0
938,0,1.934731,0
939,1,1.319453,1
940,0,0.794745,0
941,0,-0.386533,0
942,1,0.70697,0
943,0,-0.778951,0
944,0,1.138467,0
945,0,0.616441,0
946,0,0.736118,0
947,0,1.560535,0
948,0,1.02636,0
949,1,1.64149,1
950,1,1.406624,0
951,0,-0.184908,0
952,0,0.875244,0
953,0,-2.316103,0
954,1,-0.291523,0
955,1,0.209349,0
956,0,-1.491982,0
957,0,-0.67962,0
958,0,-0.296759,0
959,0,0.551338,1
960,0,-0.61805,1
961,0,-1.065461,0
962,0,0.160719,0
963,1,0.706994,0
964,1,0.196323,0
965,0,0.884925,0
966,0,1.388989,0
967,0,-0.512279,0
968,1,-0.712758,0
969,0,0.184998,0
970,0,-0.420054,0
971,0,-0.43576,1
972,1,0.121876,0
973,0,-0.187153,0
974,1,1.198161,0
975,0,0.316004,0
976,1,-1.425127,0
977,0,0.317742,0
978,1,0.49278,0
979,1,-0.690795,1
980,0,1.397089,0
981,0,-0.228848,0
982,1,0.727291,1
983,1,-0.475387,0
984,0,-0.973056,0
985,1,-0.967533,0
986,0,-0.691173,0
987,0,-0.157182,0
988,1,0.879163,0
989,1,-1.431044,0
990,1,-1.210299,0
991,0,-0.614822,0
992,0,-0.475487,0
993,0,0.651089,0
994,0,0.677606,0
995,1,-0.990918,0
996,1,0.33653,0
997,1,-0.759521,0
998,0,-0.827635,0
999,1,-0.755697,0
1000,1,-0.374939,1
1001,0,1.000089,0
1002,1,0.009552,0
1003,0,-3.216038,0
1004,0,-0.619089,1
1005,0,-0.256017,0
1006,0,-1.772536,0
1007,1,0.848969,0
1008,1,0.02421,0
1009,1,-1.322987,0
1010,0,1.083833,0
1011,0,1.821119,0
1012,0,-0.510202,0
1013,0,1.02524,0
1014,0,1.336126,0
1015,0,0.029586,0
1016,1,1.432177,0
1017,0,-0.256409,0
1018,0,-0.037942,0
1019,0,-0.861084,1
1020,1,-1.051395,0
1021,1,-1.43593,0
1022,0,-0.256533,0
1023,0,1.680928,0
1024,0,-1.015716,0
1025,0,-0.345121,0
1026,0,-1.560805,0
1027,0,1.942992,0
1028,1,-0.557574,0
1029,0,-0.446096,1
1030,1,-0.334021,0
1031,0,0.447226,0
1032,0,1.543913,0
1033,1,-0.163142,1
1034,1,-0.158431,0
1035,1,-0.616641,0
1036,1,0.019637,0
1037,0,0.731466,0
1038,1,1.322728,0
1039,1,-0.889455,1
1040,1,1.854761,0
1041,0,0.088716,0
1042,0,-1.060373,0
1043,1,0.247436,0
1044,0,-0.575782,0
1045,0,-0.469724,0
1046,0,-0.522255,0
1047,0,1.936435,0
1048,0,0.017956,1
1049,1,-0.503075,0
1050,0,-0.559432,0
1051,1,-1.288666,0
1052,0,0.393821,0
1053,0,-0.204052,0
1054,0,0.585732,0
1055,0,0.158688,0
1056,0,-0.945049,0
1057,0,1.132695,0
1058,1,-0.415352,0
1059,0,1.318385,0
1060,1,-0.88705,0
1061,0,-0.679319,0
1062,0,0.49813,0
1063,0,0.909032,0
1064,0,-1.11724,0
1065,0,1.069722,0
1066,1,0.116872,1
1067,0,-0.661152,0
1068,0,0.039268,0
1069,0,-2.833435,0
1070,0,1.17272,0
1071,0,0.246794,0
1072,0,-0.261062,0
1073,1,0.09097,0
1074,1,0.098766,0
1075,1,-3.011739,0
1076,0,0.416376,0
1077,0,0.605399,1
1078,1,1.979556,0
1079,0,-0.23469,0
1080,0,-0.082365,1
1081,0,0.560599,0
1082,0,-0.831305,1
1083,0,-0.904733,0
1084,0,-1.803003,0
1085,1,3.223362,1
1086,1,-0.117333,1
1087,0,-0.375285,0
1088,1,1.271275,0
1089,1,0.631656,0
1090,0,-1.512522,0
1091,0,-0.612834,0
1092,0,-0.500822,0
1093,1,1.882366,0
1094,0,-0.082293,1
1095,1,0.538166,0
1096,0,0.266189,1
1097,0,1.271779,0
1098,0,0.532006,0
1099,1,1.543463,0
1100,1,-1.12223,0
1101,1,0.077758,0
1102,0,0.806303,0
1103,0,0.699809,0
1104,0,-0.395659,0
1105,1,-0.484641,1
1106,1,-0.571256,0
1107,0,-0.763841,0
1108,1,0.644511,0
1109,0,0.024592,0
1110,0,-0.305221,0
1111,0,-0.259519,0
1112,0,-0.162774,0
1113,0,-1.072194,0
1114,0,1.139644,0
1115,0,1.236434,0
1116,1,-0.585191,0
1117,1,-1.263044,0
1118,0,-2.404561,0
1119,0,-0.242751,0
1120,0,0.547126,0
1121,0,-1.085323,0
1122,1,-0.064544,1
1123,0,-0.095044,1
1124,0,-0.301823,0
1125,0,0.358662,0
1126,1,0.306359,0
1127,0,-0.26021,0
1128,1,-0.047585,0
1129,0,-1.856331,0
1130,0,-0.379196,0
1131,1,0.305174,0
1132,0,0.286942,0
1133,0,-0.262915,0
1134,1,-0.726926,0
1135,0,0.27441,0
1136,0,0.911814,0
1137,0,0.221701,0
1138,0,0.711859,0
1139,0,0.390045,0
1140,1,-0.084938,1
1141,0,0.551684,0
1142,1,-0.003241,0
1143,1,1.858953,0
1144,0,0.040416,0
1145,1,0.024121,0
1146,0,-0.22069,0
1147,0,0.210063,0
1148,0,-1.168309,0
1149,1,-1.954273,0
1150,0,-0.268215,0
1151,0,-0.060813,0
1152,0,-1.392283,0
1153,1,-0.831208,0
1154,0,1.790081,0
1155,1,0.703123,0
1156,1,-0.458752,0
1157,1,-0.437985,0
1158,0,1.112193,0
1159,0,-1.732625,0
1160,0,-0.071997,0
1161,0,2.005326,0
1162,1,2.883402,1
1163,1,0.302468,1
1164,1,-1.205798,0
1165,0,-0.659468,0
1166,0,1.910904,0
1167,0,0.601069,0
1168,1,0.330304,0
1169,1,-0.260486,0
1170,0,1.030634,0
1171,1,-0.570262,0
1172,0,1.719743,0
1173,0,1.005881,0
1174,0,-0.283758,0
1175,0,0.796844,0
1176,0,-0.653866,0
1177,1,0.818429,1
1178,0,0.513042,0
1179,0,-0.888518,0
1180,1,1.173092,0
1181,0,1.845232,0
1182,1,-0.31163,0
1183,0,-0.10611,1
1184,1,-0.234347,0
1185,1,-0.204143,0
1186,1,0.991322,0
1187,0,-1.255478,0
1188,1,0.621657,0
1189,1,1.144035,0
1190,0,1.872359,0
1191,1,0.882332,1
1192,1,-1.33515,0
1193,0,0.173878,1
1194,1,1.591727,0
1195,1,0.430108,0
1196,0,2.896611,0
1197,0,0.15581,0
1198,0,0.089353,0
1199,1,-0.667594,0
1200,0,0.659735,1
1201,0,-0.566008,0
1202,0,-2.15563,0
1203,1,-0.080312,0
1204,0,-2.120219,0
1205,1,1.504401,0
1206,0,-1.712977,0
1207,0,-0.476459,0
1208,0,0.989167,0
1209,0,-0.716302,0
1210,1,0.013622,1
1211,1,-1.353572,0
1212,1,1.275355,0
1213,0,-0.146958,0
1214,0,2.15235,0
1215,0,-0.214105,0
1216,1,0.810184,0
1217,1,0.013529,0
1218,0,-1.363159,0
1219,0,-0.000878,0
1220,0,0.612754,0
1221,0,-0.268513,0
1222,0,0.943616,1
1223,0,-0.014379,0
1224,0,-1.9678,0
1225,0,0.58213,0
1226,0,0.531477,0
1227,0,-0.174829,0
1228,1,0.895165,0
1229,1,-1.47107,0
1230,1,0.874508,1
1231,1,-0.065056,1
1232,1,-0.933114,0
1233,1,0.631348,0
1234,0,0.236318,0
1235,0,1.746819,0
1236,0,0.105952,0
1237,0,0.342827,0
1238,0,0.95657,0
1239,0,-1.76466,0
1240,0,-1.083331,0
1241,0,0.178011,1
1242,0,0.92355,0
1243,0,0.979188,0
1244,1,2.093071,0
1245,0,0.779998,0
1246,1,-1.812083,0
1247,0,0.68555,0
1248,0,0.796086,1
1249,0,2.170286,0
1250,0,-1.372838,0
1251,1,0.13051,0
1252,0,-0.043863,0
1253,0,-0.973289,0
1254,1,2.853371,0
1255,0,0.211897,1
1256,1,0.830292,0
1257,0,-0.108424,0
1258,1,-1.260174,0
1259,0,0.940199,0
1260,1,-0.526304,0
1261,1,-0.698358,1
1262,1,2.365205,0
1263,1,-0.532245,0
1264,1,-1.115907,0
1265,1,0.189763,0
1266,0,-1.361273,0
1267,0,1.488102,0
1268,0,-1.230763,0
1269,0,0.125119,0
1270,1,-0.528854,0
1271,0,-0.142078,1
1272,0,-0.596178,1
1273,1,-0.763753,1
1274,1,-2.272048,0
1275,0,0.569505,0
1276,0,-1.151032,0
1277,0,-0.034767,0
1278,0,0.734831,0
1279,0,1.259567,0
1280,1,1.637739,0
1281,0,1.206054,0
1282,0,0.796176,0
1283,1,0.094933,0
1284,0,-0.158552,0
1285,0,-0.149486,0
1286,1,-0.425389,1
1287,0,-0.692723,0
1288,1,0.631957,0
1289,0,0.063969,1
1290,1,-0.549759,1
1291,1,0.406841,1
1292,0,-0.349285,0
1293,0,0.646325,0
1294,0,2.521849,1
1295,0,0.246313,0
1296,1,0.27726,0
1297,1,-1.328042,0
1298,0,-1.933011,0
1299,1,1.957473,0
1300,1,-1.126291,0
1301,0,0.994951,0
1302,0,-1.313891,0
1303,0,-0.027337,0
1304,1,-0.227001,0
1305,0,0.001109,0
1306,0,1.839869,1
1307,1,-0.022223,1
1308,1,2.306416,0
1309,0,1.207188,0
1310,0,0.233754,0
1311,0,-0.24716,0
1312,0,-1.459524,1
1313,0,0.850095,0
1314,0,-0.723801,0
1315,1,-1.057075,1
1316,0,1.5998,0
1317,0,1.165514,0
1318,1,0.573237,1
1319,1,0.755342,0
1320,0,-1.764575,0
1321,0,-1.142573,0
1322,0,-0.408194,0
1323,1,-0.889624,0
1324,0,-0.238973,0
1325,0,0.867363,1
1326,0,1.66489,0
1327,1,0.810943,0
1328,1,-0.849768,0
1329,0,2.173263,0
1330,0,-0.406776,0
1331,1,0.153421,0
1332,0,-0.267174,0
1333,0,0.224436,0
1334,1,-0.445355,0
1335,0,1.656505,0
1336,1,0.142416,0
1337,1,-0.14594,0
1338,1,-0.120194,0
1339,1,0.561097,1
1340,0,-1.399335,0
1341,0,-0.883403,0
1342,0,-0.697687,0
1343,0,-0.021039,0
1344,1,-0.419456,0
1345,1,0.554577,0
1346,0,-1.929669,0
1347,0,1.674443,0
1348,1,0.871373,1
1349,0,-0.091656,0
1350,0,0.165496,1
1351,0,-2.123725,0
1352,1,0.64541,0
1353,0,0.596668,0
1354,1,0.178084,1
1355,1,1.996732,0
1356,1,0.411539,0
1357,1,1.104938,0
1358,0,1.076325,0
1359,1,0.88571,0
1360,0,0.147374,0
1361,1,-2.679077,0
1362,0,-0.994888,0
1363,0,0.594192,1
1364,1,0.822662,0
1365,0,-0.46068,0
1366,0,0.513868,0
1367,1,0.350399,0
1368,1,-0.588639,0
1369,1,-0.902961,0
1370,0,0.70855,0
1371,0,-1.263205,0
1372,0,0.959039,0
1373,0,1.128144,0
1374,1,0.925886,0
1375,0,-1.108253,0
1376,0,0.076561,0
1377,1,0.891914,1
1378,1,-1.350552,0
1379,0,-1.776055,0
1380,1,0.172367,0
1381,1,-3.542224,1
1382,0,-0.997794,0
1383,0,-0.661782,0
1384,1,2.056509,0
1385,0,-0.227509,1
1386,0,0.400895,0
1387,0,0.965888,0
1388,0,0.180157,0
1389,0,-1.879802,0
1390,1,-0.86512,0
1391,0,0.795359,0
1392,0,0.015033,0
1393,1,-0.073144,0
1394,0,-0.575147,1
1395,1,1.094841,1
1396,0,0.725445,0
1397,0,1.542758,0
1398,0,-0.408457,0
1399,0,0.686675,0
1400,1,0.464784,0
1401,0,-0.942604,0
1402,0,0.532924,0
1403,1,-2.193782,0
1404,0,-0.567322,0
1405,1,1.228128,0
1406,1,-1.263706,0
1407,1,0.094943,0
1408,0,1.612185,0
1409,0,-1.897568,0
1410,1,-0.949021,0
1411,0,0.551675,0
1412,1,0.300562,0
1413,1,0.730803,0
1414,1,0.978576,0
1415,0,-0.058868,1
1416,0,-1.203274,0
1417,0,0.751844,0
1418,0,0.348227,0
1419,0,-1.217767,0
1420,0,1.393202,0
1421,0,-0.968432,0
1422,0,2.492622,0
1423,0,0.682921,0
1424,0,0.972595,1
1425,0,0.148232,0
1426,1,-0.21756,0
1427,1,-1.709375,0
1428,1,1.176212,1
1429,1,-0.832107,0
1430,1,-1.085439,0
1431,1,-0.154895,0
1432,0,0.559773,0
1433,0,0.71497,0
1434,0,-1.391666,0
1435,1,-0.21008,0
1436,0,0.290674,0
1437,1,-2.150213,0
1438,1,0.619522,0
1439,0,0.128915,0
1440,0,-1.341759,0
1441,1,-1.373892,1
1442,0,0.547094,0
1443,1,-1.37074,1
1444,0,-0.744073,0
1445,1,-1.658357,0
1446,0,-1.508372,0
1447,0,-0.32769,0
1448,1,1.084549,1
1449,0,-0.23203,0
1450,0,1.170923,0
1451,1,-0.503712,0
1452,1,-1.066898,0
1453,1,0.717306,0
1454,0,1.035691,1
1455,1,1.639033,0
1456,0,0.41396,0
1457,1,0.594791,0
1458,0,-1.599433,0
1459,0,0.098106,0
1460,0,0.716475,0
1461,1,-0.787562,1
1462,1,-0.47328,0
1463,0,1.166861,0
1464,1,0.548918,0
1465,1,-0.077343,0
1466,0,-1.073085,0
1467,0,0.077917,0
1468,0,0.982301,0
1469,0,0.738622,0
1470,0,-0.007286,0
1471,1,-0.760336,0
1472,1,-0.098147,0
1473,1,-1.918157,0
1474,0,-0.598647,0
1475,0,0.522549,0
1476,0,-1.111838,0
1477,1,1.061785,1
1478,1,-0.778946,0
1479,0,-1.531212,0
1480,1,1.709796,1
1481,0,0.064835,0
1482,0,-0.029297,1
1483,0,-0.531794,0
1484,0,-1.508652,0
1485,1,-0.851184,0
1486,1,1.680676,1
1487,1,0.556265,0
1488,0,0.337412,1
1489,1,1.996932,0
1490,1,-1.451111,1
1491,0,-0.820059,0
1492,0,-0.144591,0
1493,1,0.62029,0
1494,0,-0.154098,0
1495,1,-1.111517,0
1496,0,-2.480059,0
1497,0,-0.515152,0
1498,0,-0.013971,0
1499,0,1.049769,0
1500,0,1.804962,0
1501,0,-1.221014,0
1502,0,0.148949,0
1503,1,0.08265,0
1504,0,2.177443,0
1505,0,0.382641,0
1506,0,-0.64219,0
1507,0,0.954357,0
1508,1,-0.311213,0
1509,0,1.519202,0
1510,1,-1.003591,0
1511,0,0.202179,0
1512,0,-0.628034,0
1513,1,-0.313773,0
1514,0,1.268359,0
1515,0,1.672966,0
1516,1,0.861978,0
1517,0,1.007493,0
1518,0,-0.211766,1
1519,0,-0.185452,0
1520,0,-1.376054,0
1521,1,1.387815,0
1522,0,-0.596994,0
1523,0,-2.569949,0
1524,1,0.188132,0
1525,1,1.635854,0
1526,0,0.022765,0
1527,1,1.550508,0
1528,0,-0.064484,0
1529,0,0.530498,0
1530,0,0.03008,0
1531,1,-0.814776,0
1532,0,-0.134367,1
1533,1,-0.246013,0
1534,1,0.277245,0
1535,1,-0.548746,0
1536,0,0.979784,0
1537,0,1.051994,0
1538,1,0.437315,0
1539,0,-0.375734,0
1540,1,-0.635314,0
1541,1,0.818082,0
1542,1,1.930624,0
1543,1,-0.86853,0
1544,0,0.108127,0
1545,0,1.204396,0
1546,0,0.063777,0
1547,0,0.079128,1
1548,0,-0.390392,0
1549,0,-0.337527,0
1550,0,-0.048472,0
1551,0,-0.515522,0
1552,1,2.414507,0
1553,0,-0.145246,0
1554,0,-0.321115,0
1555,0,-0.49975,0
1556,0,-1.000288,0
1557,0,-0.383753,0
1558,1,0.989618,1
1559,0,-0.57914,0
1560,0,-0.075526,0
1561,0,2.000196,1
1562,1,1.287067,0
1563,1,-0.354208,0
1564,0,0.319286,0
1565,0,0.213228,0
1566,0,0.968308,0
1567,0,-0.088172,0
1568,1,1.103695,0
1569,1,0.55638,0
1570,0,-1.671234,0
1571,0,-0.403534,0
1572,0,0.961762,0
1573,1,-0.839939,0
1574,1,2.077526,0
1575,0,0.709502,0
1576,0,-0.134174,0
1577,0,0.332861,0
1578,1,-0.214322,0
1579,1,0.748424,0
1580,0,-0.132759,0
1581,1,-0.571952,0
1582,1,0.925355,0
1583,0,1.472765,0
1584,0,1.106244,0
1585,0,1.539552,0
1586,1,-1.085916,0
1587,1,-0.580453,0
1588,1,0.30054,1
1589,0,0.198137,1
1590,0,1.197114,0
1591,0,0.293125,0
1592,0,0.326646,0
1593,1,-0.319382,0
1594,1,0.470816,0
1595,0,0.247862,0
1596,1,2.391616,0
1597,0,2.052845,0
1598,0,-0.336566,1
1599,0,-0.221378,0
1600,1,0.57203,0
1601,0,-0.769397,0
1602,0,1.07075,0
1603,1,-1.3942,0
1604,0,0.050662,0
1605,0,-2.176056,0
1606,0,1.633121,0
1607,0,1.763614,1
1608,1,-1.465299,0
1609,0,0.316687,0
1610,0,1.047779,1
1611,0,0.621371,0
1612,0,-0.681855,0
1613,0,-1.033113,0
1614,0,-1.22077,0
1615,0,0.653896,0
1616,0,-0.059018,0
1617,1,-1.361763,0
1618,0,-0.160166,0
1619,1,-1.895986,0
1620,1,-0.971232,0
1621,0,0.560953,0
1622,0,-1.157566,0
1623,0,-1.001123,0
1624,1,-1.026631,0
1625,0,0.139709,0
1626,1,0.293007,0
1627,1,1.44963,0
1628,0,0.101566,0
1629,0,-0.200374,0
1630,0,-1.147338,0
1631,0,0.850846,0
1632,1,-1.153038,0
1633,0,1.187911,0
1634,1,-0.373386,0
1635,0,-1.824444,0
1636,0,0.367035,1
1637,1,0.923617,0
1638,1,-1.840223,0
1639,0,0.012601,0
1640,1,0.162906,0
1641,1,1.709005,0
1642,1,0.257795,0
1643,0,0.729024,0
1644,0,-0.804271,0
1645,0,1.18212,0
1646,1,0.328183,1
1647,0,-1.933137,1
1648,0,-1.264377,0
1649,1,-0.236257,0
1650,0,1.672448,0
1651,0,1.121819,0
1652,0,-1.324426,0
1653,0,-1.502842,1
1654,0,0.39261,0
1655,1,1.485257,0
1656,0,0.019307,0
1657,1,0.03645,0
1658,0,-0.428462,0
1659,0,0.287455,0
1660,0,-0.294342,0
1661,0,-1.439485,0
1662,0,-1.593539,0
1663,0,-0.115794,0
1664,1,0.007801,0
1665,1,2.22807,1
1666,0,1.142292,0
1667,1,-1.452461,0
1668,0,-0.322166,1
1669,0,0.397866,0
1670,1,-1.193709,0
1671,0,1.511198,0
1672,1,-1.403677,0
1673,0,1.675278,0
1674,0,0.292273,0
1675,0,1.4316,0
1676,0,-1.468979,0
1677,0,-0.398445,1
1678,0,-1.048586,0
1679,1,0.562793,1
1680,0,-0.081547,0
1681,0,-1.069217,1
1682,0,0.74049,0
1683,1,0.448738,0
1684,0,-0.966491,0
1685,1,-0.708959,0
1686,0,-0.62309,0
1687,0,0.506363,0
1688,0,2.557305,0
1689,0,1.010164,0
1690,1,0.301859,0
1691,1,1.14626,0
1692,0,1.387321,0
1693,0,-1.522829,0
1694,0,0.844089,0
1695,0,2.309088,0
1696,1,-0.822062,0
1697,0,-2.400545,0
1698,1,0.710436,0
1699,1,-1.227125,0
1700,1,0.404621,0
1701,0,0.187549,1
1702,0,-0.255134,0
1703,1,0.580052,0
1704,0,0.445587,0
1705,0,-0.044784,1
1706,0,0.402132,0
1707,1,-0.051573,0
1708,0,0.181998,0
1709,1,-0.053649,0
1710,1,1.007415,0
1711,0,-0.476369,0
1712,0,-1.246918,0
1713,1,1.025615,0
1714,1,-0.122987,0
1715,0,0.013273,0
1716,0,-2.445774,0
1717,0,1.281601,0
1718,0,1.234434,1
1719,0,-0.616569,0
1720,0,0.306053,0
1721,0,-1.487844,0
1722,0,1.283322,0
1723,0,-0.739393,0
1724,1,-1.331105,0
1725,0,-1.739819,0
1726,1,-0.138678,0
1727,1,-0.503212,0
1728,1,0.564911,0
1729,0,0.912062,0
1730,1,-0.416666,0
1731,1,1.005875,0
1732,0,-1.384604,0
1733,1,-0.198533,0
1734,0,-0.860044,0
1735,0,0.288548,0
1736,1,0.520773,0
1737,0,0.744318,0
1738,0,-0.72528,0
1739,0,-1.280329,0
1740,1,1.092926,0
1741,0,-1.507413,0
1742,1,0.933342,0
1743,1,0.587427,0
1744,0,0.447659,0
1745,0,1.116188,0
1746,1,0.12819,0
1747,1,-0.517769,0
1748,0,1.00471,0
1749,1,0.610785,1
1750,0,-0.716951,1
1751,1,-0.641543,0
1752,0,1.206933,0
1753,0,1.796033,0
1754,0,0.94891,0
1755,0,-0.461837,0
1756,0,0.42481,0
1757,0,0.167938,0
1758,1,-0.779051,0
1759,1,-1.644639,0
1760,0,0.755083,0
1761,0,0.411753,0
1762,1,-0.415789,0
1763,1,0.629724,0
1764,0,-0.111454,0
1765,0,-0.470814,0
1766,1,1.397038,0
1767,0,0.990292,0
1768,0,-0.562705,0
1769,0,-0.961202,0
1770,1,0.52828,0
1771,1,0.197162,0
1772,0,-0.516189,1
1773,1,-1.746671,0
1774,0,0.992247,0
1775,1,-0.494282,0
1776,0,0.199637,0
1777,0,0.851557,0
1778,0,-0.405191,0
1779,0,-0.006559,0
1780,0,-0.559986,0
1781,1,-0.498868,0
1782,0,0.798059,0
1783,1,-0.357372,1
1784,1,0.079613,1
1785,0,-0.429511,0
1786,0,-1.102172,0
1787,0,-1.290044,0
1788,0,1.214782,1
1789,1,-1.122922,1
1790,0,0.204477,0
1791,1,-0.061112,0
1792,0,-0.520442,0
1793,0,-0.554342,1
1794,1,-0.878225,0
1795,0,-3.020668,0
1796,0,1.391802,0
1797,0,0.79421,0
1798,0,-0.675251,0
1799,1,0.406178,1
1800,1,0.71545,0
1801,0,0.515095,0
1802,0,-0.51062,0
1803,0,1.306425,0
1804,0,1.715699,1
1805,0,0.802495,0
1806,0,-0.026724,0
1807,0,0.631222,0
1808,1,0.292747,0
1809,1,1.589447,0
1810,0,-0.090922,1
1811,1,1.032493,0
1812,0,0.102194,0
1813,0,0.138515,1
1814,1,0.315768,0
1815,1,1.760085,0
1816,1,0.940294,0
1817,0,1.659253,0
1818,0,0.834747,0
1819,0,0.593681,0
1820,0,0.134736,0
1821,1,1.521529,0
1822,0,-1.700227,0
1823,0,0.978849,0
1824,0,-0.461232,0
1825,0,0.996768,0
1826,1,-1.256278,0
1827,0,2.209066,1
1828,0,-0.122207,0
1829,0,-1.24972,0
1830,1,0.895001,1
1831,0,1.797057,0
1832,1,-0.332275,0
1833,0,0.666217,0
1834,0,0.461877,1
1835,0,-0.430244,0
1836,1,-0.414692,0
1837,0,1.023623,0
1838,1,-0.938135,0
1839,0,0.616411,0
1840,0,0.160693,0
1841,1,0.659014,0
1842,0,1.556034,0
1843,0,0.670975,0
1844,0,-1.024498,0
1845,0,-1.5246,0
1846,1,-0.548357,0
1847,0,-0.324509,0
1848,0,-0.331911,0
1849,0,0.150451,0
1850,1,-0.540136,0
1851,0,1.470443,1
1852,1,0.28747,0
1853,1,0.874162,0
1854,0,-0.596089,0
1855,0,-1.345214,0
1856,0,0.605136,1
1857,0,0.472371,0
1858,0,0.658785,0
1859,0,-1.127193,0
1860,1,-1.422002,1
1861,1,-2.085218,0
1862,0,0.252256,0
1863,1,-0.973595,0
1864,0,0.570552,0
1865,0,0.330709,0
1866,0,-0.018127,0
1867,1,-1.767981,0
1868,0,2.101129,0
1869,1,-0.682341,0
1870,0,-0.775584,0
1871,1,0.038258,0
1872,0,-0.581144,0
1873,0,0.517561,1
1874,1,0.792597,0
1875,1,-1.371357,0
1876,0,1.170546,0
1877,0,-0.033785,0
1878,0,1.569023,0
1879,0,-0.781318,0
1880,0,-0.32939,0
1881,1,0.026277,0
1882,0,-0.29409,0
1883,0,1.013965,0
1884,0,-0.793796,0
1885,1,0.52774,0
1886,0,0.320562,0
1887,1,-0.869784,0
1888,0,0.361587,0
1889,0,1.185384,0
1890,0,1.011164,0
1891,1,2.056449,1
1892,0,-0.103676,0
1893,0,0.138275,0
1894,0,-1.174071,0
1895,0,-1.463945,0
1896,1,-0.237694,0
1897,0,0.563452,0
1898,1,1.765963,0
1899,0,-2.016873,0
1900,1,0.674211,0
1901,1,0.6228,0
1902,1,0.755217,0
1903,1,-1.377091,0
1904,0,0.58911,0
1905,1,0.111448,0
1906,0,0.765192,0
1907,0,2.130101,0
1908,1,-1.592342,0
1909,0,0.047507,0
1910,0,-0.148322,0
1911,1,0.12398,0
1912,0,-1.405795,0
1913,0,1.173922,0
1914,0,0.215354,0
1915,0,0.240139,0
1916,1,0.453804,0
1917,0,0.984035,0
1918,0,-0.612343,1
1919,1,1.451363,0
1920,1,1.716759,1
1921,1,-0.988504,0
1922,0,-0.484632,0
1923,0,-0.537035,0
1924,0,1.775912,0
1925,0,-0.704477,0
1926,1,-1.661012,0
1927,0,0.92521,0
1928,0,0.240501,0
1929,0,-0.062429,0
1930,0,0.339371,0
1931,0,0.456583,0
1932,1,0.053204,0
1933,0,-1.110991,0
1934,1,-0.795072,1
1935,1,-1.230029,0
1936,0,0.102784,0
1937,1,-0.731456,0
1938,1,-1.57296,0
1939,0,-0.695605,0
1940,0,-0.309412,0
1941,1,0.263865,0
1942,0,1.506721,0
1943,0,0.017035,1
1944,0,-0.018668,0
1945,1,1.30213,0
1946,0,1.665693,0
1947,0,-0.528208,1
1948,0,-1.68704,0
1949,0,-1.721925,0
1950,0,-0.538455,0
1951,1,-0.013866,1
1952,0,0.573087,0
1953,0,-1.013192,0
1954,0,1.581944,0
1955,0,1.564118,0
1956,1,-1.850625,0
1957,1,-0.894103,0
1958,0,-0.677955,0
1959,0,-0.698129,0
1960,0,-0.133031,0
1961,0,-1.678413,0
1962,0,-0.753551,0
1963,1,-0.903034,1
1964,1,-1.445942,1
1965,0,-0.964747,0
1966,1,0.04989,0
1967,0,-0.82339,0
1968,0,-0.665339,0
1969,1,0.45706,0
1970,1,0.463702,0
1971,1,-1.384166,0
1972,1,1.957321,0
1973,1,-0.372705,0
1974,0,-0.977398,0
1975,0,0.678551,1
1976,0,-2.149188,0
1977,1,-0.772987,0
1978,1,-0.241118,0
1979,1,1.424392,0
1980,0,0.232074,0
1981,1,0.638,1
1982,0,0.273916,0
1983,1,-0.131425,0
1984,1,1.465786,0
1985,0,1.605535,0
1986,0,0.108095,0
1987,1,-0.793493,1
1988,0,0.188722,0
1989,0,-1.049473,0
1990,0,-1.442653,0
1991,0,-2.071116,0
1992,1,0.078922,0
1993,1,1.558457,0
1994,1,0.72811,0
1995,0,1.131262,0
1996,1,-0.194541,0
1997,0,-0.977614,0
1998,0,0.766728,0
1999,0,-1.358511,0
2000,0,1.293093,0
2001,1,1.491882,0
2002,0,0.25862,0
2003,0,0.362639,0
2004,1,0.829628,0
2005,0,-0.836879,0
2006,1,-0.753257,0
2007,0,-0.01695,0
2008,0,-1.179577,0
2009,0,-0.501852,1
2010,1,-0.046124,0
2011,1,0.54605,0
2012,0,-0.293014,0
2013,0,1.618507,0
2014,1,0.6764,0
2015,0,-1.579607,0
2016,0,0.23408,0
2017,0,0.463939,0
2018,0,0.134686,0
2019,0,-1.237628,0
2020,0,1.261459,0
2021,1,0.98727,0
2022,1,0.673318,0
2023,1,0.039312,0
2024,0,1.407084,0
2025,0,-0.423695,0
2026,0,0.122453,0
2027,0,0.439706,1
2028,0,-1.479506,0
2029,1,0.991799,0
2030,0,0.014384,0
2031,0,1.233218,0
2032,1,1.269741,0
2033,0,0.883435,0
2034,0,0.296378,1
2035,1,-0.576931,0
2036,0,-0.346132,0
2037,0,0.739053,0
2038,1,0.042665,0
2039,1,-0.504669,0
2040,1,-1.017826,0
2041,0,0.500517,0
2042,0,0.74516,0
2043,1,0.130493,1
2044,0,0.125027,0
2045,0,0.198755,0
2046,0,-0.849969,0
2047,0,1.006672,0
2048,0,0.501795,0
2049,0,0.773061,0
2050,0,0.00073,0
2051,1,-2.063984,0
2052,0,-0.266693,0
2053,0,-0.291195,0
2054,1,-0.25146,0
2055,1,0.239515,0
2056,0,1.848203,1
2057,0,1.705872,0
2058,0,0.948033,1
2059,1,-1.552421,0
2060,0,-0.291702,0
2061,0,1.227659,1
2062,1,-1.150344,0
2063,0,-0.970776,0
2064,0,-0.561271,0
2065,0,1.364313,0
2066,1,0.030189,0
2067,0,0.008172,0
2068,0,0.90147,1
2069,0,-0.952482,0
2070,1,0.687496,0
2071,0,0.669584,0
2072,0,0.79087,0
2073,1,-0.551012,0
2074,0,-1.386954,0
2075,1,0.620695,0
2076,1,0.890726,1
2077,0,1.250003,0
2078,1,0.250868,0
2079,1,1.753946,0
2080,0,-1.331561,0
2081,1,1.017353,0
2082,0,0.410677,0
2083,0,-0.063932,0
2084,0,0.004839,0
2085,0,0.011653,0
2086,1,0.701845,0
2087,1,-0.551908,0
2088,1,0.613336,1
2089,1,1.140227,0
2090,0,0.172596,0
2091,1,-0.538737,0
2092,0,0.558969,0
2093,0,-1.749087,0
2094,1,-0.450933,0
2095,1,1.748135,0
2096,0,1.98904,0
2097,0,-1.581042,0
2098,0,2.28347,0
2099,1,0.576705,0
2100,0,-1.39428,0
2101,0,-0.745032,0
2102,0,1.010119,1
2103,1,-0.427096,0
2104,0,-0.358855,0
2105,0,-0.113007,0
2106,1,-0.309297,1
2107,1,2.676816,0
2108,0,-1.228954,0
2109,1,-0.080713,1
2110,0,-1.040643,0
2111,1,-0.03635,0
2112,0,1.59233,0
2113,1,-1.079977,0
2114,1,0.46469,0
2115,1,0.280398,0
2116,0,1.191618,0
2117,0,0.349369,0
2118,0,-1.585931,0
2119,1,-2.335219,0
2120,0,0.563044,0
2121,0,1.062547,0
2122,0,-0.863117,0
2123,0,-1.167334,0
2124,0,0.780378,0
2125,0,0.091181,0
2126,0,0.092838,0
2127,0,-0.295918,0
2128,0,0.622542,0
2129,1,0.245344,1
2130,1,-0.116699,0
2131,1,-1.013288,0
2132,1,0.661095,0
2133,0,0.31917,0
2134,1,-0.924025,0
2135,0,-0.778613,0
2136,0,0.81697,0
2137,1,-2.768413,0
2138,1,0.890748,0
2139,1,-0.270645,0
2140,0,1.409574,0
2141,1,-0.432166,0
2142,1,-1.623251,1
2143,0,1.62792,0
2144,0,1.479827,1
2145,0,-0.553062,0
2146,0,-0.776326,0
2147,0,0.802541,0
2148,0,0.850017,0
2149,1,-1.060561,0
2150,1,-1.476795,1
2151,1,0.410189,0
2152,0,-0.974346,0
2153,0,-1.996208,0
2154,1,1.506169,1
2155,0,0.2192,0
2156,0,0.094766,0
2157,0,-1.321196,0
2158,0,0.17536,0
2159,1,0.552824,1
2160,0,-1.260454,1
2161,0,-0.713841,0
2162,0,1.148365,0
2163,0,-2.052004,0
2164,0,0.462402,0
2165,0,0.434851,0
2166,1,1.990774,1
2167,1,0.338056,0
2168,0,-1.867912,0
2169,0,-1.188446,0
2170,0,-1.17557,0
2171,0,-0.209789,0
2172,0,-0.12158,0
2173,0,-0.965033,0
2174,0,-0.586522,0
2175,0,0.398006,0
2176,0,-0.886242,1
2177,0,0.189906,0
2178,0,2.54047,0
2179,0,0.859062,0
2180,0,0.538505,0
2181,1,-1.334377,0
2182,0,-0.029042,0
2183,0,-0.156601,0
2184,1,0.581395,0
2185,0,0.5068,0
2186,1,0.531284,1
2187,0,-0.283076,0
2188,1,0.721843,1
2189,0,0.121176,0
2190,1,-0.39822,0
2191,1,-0.819355,0
2192,0,-1.878376,0
2193,0,-0.091975,0
2194,1,0.9518,0
2195,0,-2.426651,1
2196,0,-0.737127,0
2197,0,0.437595,0
2198,0,1.880646,0
2199,0,-0.631787,0
2200,1,-0.527111,0
2201,0,-1.444402,0
2202,1,0.44673,0
2203,0,-1.543857,0
2204,0,-2.594085,0
2205,0,-0.631182,0
2206,0,0.310263,0
2207,0,-1.028551,0
2208,1,-1.403711,0
2209,0,-2.303644,0
2210,0,0.522615,0
2211,0,-1.405374,0
2212,1,0.588108,1
2213,1,-1.74491,0
2214,1,-0.350042,0
2215,0,1.049147,0
2216,0,1.231103,0
2217,1,1.55962,0
2218,0,0.892887,0
2219,0,-0.366374,0
2220,0,-0.379835,0
2221,1,1.497805,0
2222,0,-0.942987,0
2223,1,-0.782131,0
2224,0,0.81571,0
2225,0,-0.148304,0
2226,1,-0.357546,0
2227,1,0.336643,0
2228,1,-0.135412,0
2229,0,-0.514965,0
2230,1,0.868704,0
2231,1,0.892974,1
2232,1,0.59002,0
2233,0,-1.070777,0
2234,0,1.560779,0
2235,1,1.82578,0
2236,0,1.195678,0
2237,1,2.166307,0
2238,0,2.533129,0
2239,1,0.45272,0
2240,0,0.782602,0
2241,0,-2.680192,0
2242,1,0.243756,1
2243,0,-0.284941,0
2244,1,1.30607,0
2245,1,-0.227359,0
2246,0,-0.57438,0
2247,0,0.625892,0
2248,0,1.928791,0
2249,0,-0.880353,0
2250,1,-0.84216,0
2251,1,0.214581,0
2252,0,2.887202,0
2253,0,-0.003268,0
2254,0,0.244175,0
2255,0,-0.41066,0
2256,1,-1.227045,0
2257,0,-0.185675,0
2258,1,-0.548936,0
2259,0,0.936463,0
2260,0,0.346162,0
2261,1,0.619856,1
2262,0,-0.859675,0
2263,0,-0.472626,0
2264,1,0.421109,1
2265,0,1.079312,0
2266,1,-0.394511,0
2267,0,0.719263,0
2268,0,0.558849,0
2269,1,2.453998,0
2270,0,-0.932248,0
2271,0,-2.602171,0
2272,0,-0.787437,1
2273,1,-0.72744,0
2274,0,0.987569,0
2275,0,-1.239363,0
2276,1,-0.730835,0
2277,1,0.424137,0
2278,1,1.099532,0
2279,1,-0.480715,1
2280,1,1.150428,0
2281,0,0.617949,0
2282,0,-0.075806,0
2283,0,-0.60511,0
2284,1,0.240278,0
2285,0,-0.864641,0
2286,0,-0.263812,0
2287,0,1.53218,0
2288,0,0.253672,0
2289,0,0.86546,1
2290,0,-2.197903,1
2291,1,-0.797087,1
2292,0,-0.94656,0
2293,0,2.035816,0
2294,1,1.047092,0
2295,0,0.116712,0
2296,1,0.522725,0
2297,0,1.20827,0
2298,1,-0.237699,0
2299,0,0.997448,0
2300,1,0.025356,0
2301,0,0.24445,0
2302,0,-0.329149,0
2303,1,0.120801,0
2304,0,0.521816,0
2305,1,0.66795,1
2306,1,0.15479,1
2307,0,-0.092445,0
2308,1,0.199064,0
2309,0,-0.400187,0
2310,0,-1.547782,1
2311,1,-0.456622,0
2312,0,-0.412036,0
2313,0,0.101402,1
2314,0,1.445748,0
2315,1,-0.687708,0
2316,0,-2.309008,0
2317,0,0.645286,1
2318,1,0.56915,0
2319,1,0.694639,0
2320,1,-0.259708,0
2321,1,-1.032078,0
2322,1,0.34581,0
2323,0,-2.159055,0
2324,0,-0.854716,0
2325,1,-1.736651,0
2326,0,-0.691986,0
2327,0,1.244992,0
2328,1,-1.221667,0
2329,0,-2.245015,0
2330,0,-1.130758,0
2331,0,0.881283,0
2332,0,0.995823,0
2333,0,-1.011636,0
2334,0,-1.880487,0
2335,1,-0.546006,0
2336,0,0.700578,0
2337,0,1.411844,0
2338,1,-1.056542,0
2339,1,1.575579,0
2340,0,1.167735,0
2341,0,-2.018187,0
2342,0,-0.20285,0
2343,0,0.395235,0
2344,0,-0.254844,0
2345,0,0.670105,0
2346,0,-0.828927,0
2347,0,-0.707084,0
2348,0,0.367986,0
2349,0,-1.058176,0
2350,0,-0.647294,0
2351,1,3.291778,0
2352,0,0.388363,0
2353,0,1.327787,0
2354,1,-0.025278,0
2355,1,-0.032827,0
2356,0,-0.90267,0
2357,0,-0.377751,0
2358,0,0.494235,0
2359,0,-0.139888,0
2360,1,0.888535,1
2361,0,1.315163,1
2362,0,-1.83267,0
2363,1,0.944723,0
2364,0,0.250227,0
2365,0,2.639039,0
2366,0,0.667243,0
2367,1,1.153261,0
2368,0,0.887858,0
2369,0,0.898285,0
2370,0,0.058668,1
2371,0,-0.115616,0
2372,1,-0.071883,0
2373,0,0.642428,0
2374,1,-0.829873,0
2375,0,0.225754,0
2376,0,0.671632,0
2377,0,0.301662,0
2378,0,0.868362,0
2379,1,1.315933,0
2380,1,0.588088,0
2381,0,-0.037428,0
2382,0,-1.409031,0
2383,0,-0.281339,0
2384,0,1.436555,0
2385,1,1.403738,0
2386,0,-1.882947,0
2387,1,1.394422,0
2388,0,-0.78421,0
2389,0,-1.119252,0
2390,1,-0.246218,0
2391,1,0.50842,0
2392,0,1.099055,0
2393,0,0.447907,0
2394,0,-1.364096,0
2395,1,1.315171,0
2396,1,-0.083711,1
2397,1,-0.287939,0
2398,1,0.681468,1
2399,1,-0.465259,0
2400,0,-1.584062,0
2401,0,-1.561154,0
2402,1,0.27749,0
2403,1,1.66523,0
2404,0,-0.204964,0
2405,0,-2.744589,0
2406,1,0.427055,0
2407,0,-0.726286,0
2408,0,-0.685795,0
2409,0,0.252073,1
2410,1,-1.245528,0
2411,1,-0.443667,0
2412,0,0.588243,0
2413,0,0.572011,0
2414,1,0.54387,0
2415,0,-0.77418,1
2416,1,-0.723298,1
2417,0,-1.544564,1
2418,1,-0.42688,0
2419,1,-2.206998,0
2420,0,0.508771,0
2421,0,-0.568621,0
2422,0,-1.334521,0
2423,0,0.152371,0
2424,0,1.655072,0
2425,0,-0.943689,1
2426,1,0.039511,0
2427,1,-0.596245,0
2428,1,0.007019,0
2429,1,0.154136,1
2430,0,-0.263973,0
2431,0,0.568016,0
2432,0,0.406163,1
2433,0,0.062446,0
2434,1,-0.485144,0
2435,0,0.973926,0
2436,1,1.793049,1
2437,0,-0.242692,0
2438,1,0.492034,0
2439,1,1.819156,0
2440,0,-0.389326,0
2441,1,1.577553,0
2442,0,-0.347098,0
2443,1,-1.373056,0
2444,0,-0.280203,0
2445,1,-0.235856,1
2446,0,-0.259523,0
2447,0,0.070666,0
2448,1,-0.220482,0
2449,1,0.257398,0
2450,0,-1.235791,0
2451,0,1.019857,0
2452,1,-1.724005,0
2453,1,-0.486866,0
2454,0,-0.176088,0
2455,0,-0.76944,0
2456,0,-2.829402,0
2457,0,-0.186063,0
2458,1,0.310635,0
2459,0,0.793758,1
2460,1,-0.249346,0
2461,0,0.517644,0
2462,1,0.724697,0
2463,0,0.126823,0
2464,1,-1.445492,0
2465,1,-0.645986,0
2466,1,-1.450209,1
2467,1,1.832103,0
2468,0,0.11029,0
2469,1,-0.767356,0
2470,1,-0.074972,0
2471,1,-0.735355,0
2472,0,-1.445989,0
2473,0,-0.562626,0
2474,0,-0.736136,0
2475,0,-0.587693,0
2476,0,0.538999,0
2477,1,0.660281,1
2478,0,-2.816946,0
2479,0,-0.942831,0
2480,0,0.041085,0
2481,1,0.003352,0
2482,1,-0.346689,0
2483,0,2.108962,0
2484,0,0.030123,0
2485,1,-0.986446,0
2486,1,1.316437,0
2487,0,1.198332,0
2488,0,-0.951362,1
2489,0,-0.775066,0
2490,1,-0.621608,0
2491,0,0.554162,0
2492,1,1.06092,0
2493,0,-0.01928,0
2494,1,0.976735,1
2495,1,-1.079546,0
2496,0,0.86341,1
2497,1,-1.535037,0
2498,0,1.24231,0
2499,0,0.665755,1
2500,0,-0.732294,0
2501,0,-0.603807,0
2502,1,-0.626161,0
2503,1,-0.314964,0
2504,0,-0.631058,1
2505,0,0.107014,0
2506,0,-1.177795,0
2507,1,-1.079944,0
2508,0,-0.806664,0
2509,0,-0.167358,0
2510,1,-0.876593,1
2511,0,-0.610268,0
2512,0,1.331444,0
2513,0,-0.574068,0
2514,0,1.066549,0
2515,0,-0.509385,0
2516,0,1.413275,0
2517,1,0.681186,0
2518,0,0.842857,0
2519,0,-0.532434,0
2520,0,0.972035,1
2521,1,0.937787,0
2522,0,-0.200935,0
2523,1,-0.732817,0
2524,0,2.058252,1
2525,0,0.239722,0
2526,1,1.609274,0
2527,0,0.479534,0
2528,1,0.555165,1
2529,0,1.961565,0
2530,1,0.359261,0
2531,1,-0.88827,0
2532,0,-0.109879,0
2533,0,1.44119,1
2534,0,-0.25708,0
2535,0,0.703558,0
2536,1,0.063945,0
2537,0,0.948107,0
2538,0,-2.669696,1
2539,1,1.043271,0
2540,1,1.567955,0
2541,0,-0.994452,0
2542,1,0.214959,0
2543,0,-0.662241,0
2544,1,0.481907,0
2545,1,0.261705,0
2546,1,-0.308946,0
2547,0,0.761953,0
2548,0,-0.414413,0
2549,0,-0.034363,0
2550,1,-0.230465,0
2551,0,0.952241,0
2552,0,1.322499,0
2553,0,1.367998,0
2554,1,0.676013,0
2555,1,0.936868,0
2556,0,-0.703108,0
2557,0,-0.078978,1
2558,0,-0.116525,0
2559,0,0.257116,0
2560,0,-0.780179,0
2561,0,-1.249469,0
2562,0,-0.601926,0
2563,1,-0.135974,0
2564,1,0.111829,0
2565,0,-0.811835,0
2566,0,-0.163621,0
2567,1,-0.203583,0
2568,0,1.110368,0
2569,1,0.147796,0
2570,0,0.361551,0
2571,0,1.449871,0
2572,1,-0.386475,0
2573,0,0.388134,0
2574,0,-0.144663,0
2575,0,0.367962,0
2576,0,0.87552,0
2577,0,1.374469,0
2578,0,0.665989,0
2579,1,0.670888,0
2580,0,0.600156,0
2581,0,-0.357172,0
2582,1,-1.609458,0
2583,0,0.649842,0
2584,1,0.562368,0
2585,1,-0.168764,0
2586,0,0.525487,1
2587,0,-0.435829,0
2588,1,-1.113088,0
2589,0,0.075535,0
2590,1,2.181434,0
2591,0,-1.746772,1
2592,0,0.325594,0
2593,0,0.24202,1
2594,1,-0.016589,0
2595,0,-0.637495,0
2596,1,1.535272,0
2597,0,-0.084358,0
2598,0,-0.216905,0
2599,0,-0.020311,0
2600,1,-1.935347,0
2601,1,-2.045125,0
2602,0,1.628034,0
2603,0,0.324135,0
2604,0,0.750473,0
2605,0,0.4862,0
2606,0,1.269101,0
2607,1,-0.34324,0
2608,0,-0.575817,0
2609,0,1.245472,0
2610,1,1.823737,0
2611,0,0.074734,0
2612,1,-0.64291,1
2613,1,-1.34178,1
2614,0,0.073589,0
2615,1,0.274428,0
2616,0,0.933162,0
2617,0,-1.034652,0
2618,1,1.834287,0
2619,0,0.064582,0
2620,1,0.60533,0
2621,0,1.874913,1
2622,0,-1.663357,0
2623,0,0.687497,0
2624,0,-1.390825,0
2625,0,-1.145596,0
2626,1,2.542102,1
2627,0,-0.714686,0
2628,0,-0.779841,0
2629,1,0.53784,0
2630,1,0.988082,0
2631,0,-0.568474,0
2632,0,-1.225216,0
2633,0,-0.40657,0
2634,1,0.466622,0
2635,1,0.590143,1
2636,0,-0.411623,0
2637,1,-2.522703,0
2638,0,1.169989,0
2639,1,0.551509,0
2640,1,-0.067325,0
2641,0,-1.195811,0
2642,1,0.122463,0
2643,0,-0.5348,0
2644,0,-0.766156,0
2645,0,-0.83542,0
2646,0,-1.397792,0
2647,1,0.135113,1
2648,0,-0.508809,0
2649,0,0.395337,0
2650,0,-0.651829,0
2651,0,1.029664,0
2652,0,0.910156,0
2653,0,-1.935886,0
2654,0,0.202805,0
2655,1,0.888729,0
2656,1,0.680101,0
2657,0,0.719331,0
2658,1,-1.564153,0
2659,1,-1.116442,0
2660,1,0.895152,0
2661,1,-2.261069,0
2662,0,-0.765227,1
2663,0,0.480812,1
2664,0,0.067075,0
2665,1,0.588249,1
2666,0,-2.181518,0
2667,1,1.039379,0
2668,1,-1.766078,1
2669,1,0.638658,0
2670,0,0.872762,0
2671,1,0.709571,0
2672,1,0.705989,0
2673,0,-0.472548,0
2674,0,-0.774985,0
2675,0,1.199436,0
2676,0,-1.015724,0
2677,0,0.445991,0
2678,0,-1.921775,0
2679,0,-0.908838,0
2680,1,1.87762,0
2681,0,-1.060898,0
2682,0,0.439326,0
2683,1,0.807369,0
2684,1,-1.486004,0
2685,0,0.692578,0
2686,0,-0.567639,0
2687,1,-0.336837,0
2688,1,-1.673762,0
2689,0,-0.19395,0
2690,0,0.29743,1
2691,1,0.49383,0
2692,1,-0.270438,0
2693,1,-0.826202,1
2694,1,-0.637582,0
2695,0,-1.107468,0
2696,0,0.406797,0
2697,0,0.812644,0
2698,0,2.267844,0
2699,0,-0.084817,0
2700,0,-0.22246,0
2701,1,0.258905,0
2702,0,-1.023298,0
2703,1,-0.516443,0
2704,0,0.318657,0
2705,0,-0.608741,0
2706,0,-0.97576,0
2707,1,-0.134346,0
2708,1,1.135484,1
2709,0,0.501777,0
2710,0,0.443274,0
2711,0,-1.161271,0
2712,1,1.338676,0
2713,0,0.127922,0
2714,0,0.435871,0
2715,1,-0.718905,0
2716,0,0.620763,0
2717,1,-0.11174,0
2718,0,-1.177592,0
2719,0,1.595048,0
2720,0,0.435435,0
2721,0,-0.09309,0
2722,1,-0.469057,1
2723,0,0.721941,0
2724,1,-0.733148,0
2725,0,0.85345,0
2726,1,-0.514052,0
2727,1,0.053976,0
2728,1,2.168011,1
2729,0,0.177307,0
2730,0,-0.67597,0
2731,0,1.863475,0
2732,1,-1.366057,0
2733,0,1.32712,0
2734,0,1.600216,0
2735,0,0.813075,0
2736,1,-1.397203,0
2737,0,-0.955699,1
2738,0,1.367292,0
2739,0,0.952987,0
2740,0,-0.567608,0
2741,1,0.849647,0
2742,0,0.187917,0
2743,0,-0.567646,0
2744,0,-0.238552,0
2745,1,0.69295,0
2746,1,-0.256511,0
2747,0,-1.992665,0
2748,0,1.057541,0
2749,0,-0.049401,1
2750,1,-0.34224,0
2751,0,-0.377614,0
2752,1,-2.027926,1
2753,1,1.173939,0
2754,1,-1.146224,0
2755,0,2.007576,0
2756,1,-0.055473,0
2757,1,0.462034,0
2758,1,2.263122,1
2759,0,0.758853,0
2760,0,-1.106564,0
2761,0,0.487299,0
2762,0,-2.100699,0
2763,1,1.247317,1
2764,1,-0.216078,1
2765,1,0.873977,0
2766,0,-0.219383,0
2767,0,-1.696689,0
2768,0,-2.004026,0
2769,0,1.366052,0
2770,1,-0.292155,0
2771,0,-0.068201,0
2772,0,0.540339,0
2773,0,-0.304525,0
2774,0,0.285344,0
2775,1,-0.907977,0
2776,0,1.206889,0
2777,1,0.635889,1
2778,1,0.599887,0
2779,0,-1.021839,0
2780,1,0.772266,0
2781,0,-0.306414,1
2782,0,0.962026,0
2783,1,1.562164,1
2784,0,-0.918388,0
2785,1,0.505207,1
2786,0,0.007228,0
2787,0,-0.541412,0
2788,0,-0.522077,0
2789,0,1.11013,0
2790,1,-1.066541,0
2791,0,0.978388,0
2792,1,0.536539,0
2793,1,-0.472538,0
2794,1,-0.287386,0
2795,0,1.98607,1
2796,1,-0.897251,0
2797,0,-0.399452,0
2798,0,0.60414,1
2799,0,-0.099233,0
2800,1,-2.590251,1
2801,1,1.683686,0
2802,1,1.505547,0
2803,1,0.088473,0
2804,0,-1.010317,0
2805,0,-0.513537,0
2806,1,-0.400989,1
2807,0,-0.523568,0
2808,1,-1.459435,0
2809,0,-0.294456,1
2810,1,1.050116,1
2811,1,0.140665,0
2812,1,0.056015,0
2813,0,0.618405,0
2814,1,0.585207,1
2815,0,-0.952968,0
2816,1,-0.110098,0
2817,1,-0.85908,0
2818,0,0.8849,0
2819,0,0.009829,0
2820,1,-0.831089,0
2821,1,-0.610583,0
2822,1,-1.749852,0
2823,1,-0.745223,0
2824,1,-0.048496,0
2825,1,0.57866,0
2826,0,0.730604,0
2827,0,1.0001,0
2828,1,0.297909,0
2829,1,-0.567236,1
2830,0,0.195939,0
2831,0,1.019876,0
2832,0,-0.227844,0
2833,0,0.013763,0
2834,0,2.29744,0
2835,0,-0.050058,0
2836,1,-0.186621,0
2837,0,-1.306554,0
2838,0,0.806009,0
2839,0,-0.753821,0
2840,1,0.303998,0
2841,0,-0.007242,0
2842,0,0.418942,0
2843,0,0.197249,0
2844,0,0.360697,0
2845,1,0.380354,1
2846,1,0.112466,0
2847,0,0.001631,0
2848,1,0.026615,0
2849,1,0.311898,0
2850,0,1.051321,0
2851,1,0.647073,0
2852,1,-1.213473,0
2853,0,-0.797489,0
2854,0,0.112071,0
2855,1,-0.716619,0
2856,0,0.210152,0
2857,0,0.73218,0
2858,1,1.577066,0
2859,0,-2.050055,0
2860,1,0.729669,0
2861,0,-0.345385,0
2862,0,-0.473555,1
2863,0,-1.389728,0
2864,1,1.057929,0
2865,0,1.138746,0
2866,0,-0.399665,1
2867,1,1.146361,0
2868,1,-0.724147,1
2869,0,-0.325669,0
2870,0,0.449721,0
2871,0,0.289291,0
2872,0,0.755547,0
2873,1,-0.452834,0
2874,1,0.301368,0
2875,0,-0.327176,0
2876,0,0.955334,0
2877,0,3.030206,0
2878,1,0.638887,0
2879,0,1.412763,0
2880,0,0.449378,0
2881,0,0.683642,0
2882,1,-1.559177,1
2883,0,-0.067579,0
2884,0,1.62514,0
2885,1,-0.901559,0
2886,1,-0.551921,0
2887,1,0.067888,0
2888,0,-0.618421,0
2889,0,-0.731492,0
2890,0,0.264497,0
2891,1,0.528472,0
2892,0,1.137427,0
2893,1,0.897023,0
2894,1,-1.724328,0
2895,1,1.901067,0
2896,0,0.466532,0
2897,0,-0.892859,0
2898,0,0.315887,0
2899,0,-0.375959,0
2900,1,-1.725616,0
2901,0,0.982679,0
2902,1,-1.623811,1
2903,1,1.690952,0
2904,1,-0.34677,0
2905,1,0.184377,0
2906,0,0.469585,0
2907,1,1.019212,0
2908,1,0.422254,0
2909,0,0.031757,0
2910,0,1.163279,0
2911,1,-0.643485,0
2912,0,-0.53063,0
2913,0,-0.225973,0
2914,0,-0.984597,0
2915,1,0.173097,0
2916,0,-0.189851,0
2917,1,-1.051598,0
2918,0,-1.915314,0
2919,1,1.762746,1
2920,0,-0.029861,0
2921,1,-0.162997,0
2922,1,1.565714,0
2923,0,1.141565,0
2924,0,0.002898,0
2925,0,0.497777,0
2926,0,1.420499,0
2927,0,-0.016332,0
2928,0,0.142149,0
2929,1,1.479214,0
2930,1,-1.073657,0
2931,0,-1.212393,1
2932,0,0.639703,0
2933,0,1.136387,0
2934,1,0.541287,0
2935,0,-1.747272,1
2936,0,-1.319885,0
2937,1,-0.79075,0
2938,1,0.16439,0
2939,0,1.639284,1
2940,0,0.733567,0
2941,1,-1.226258,0
2942,1,-0.607061,0
2943,0,-1.266745,0
2944,1,2.214025,1
2945,1,-0.377341,0
2946,0,0.098736,0
2947,0,0.367135,0
2948,0,0.535574,0
2949,1,-0.280067,0
2950,0,-0.758031,1
2951,1,0.779013,0
2952,0,1.12009,0
2953,0,2.477267,0
2954,0,0.658566,0
2955,1,-0.401351,0
2956,0,0.067899,0
2957,1,1.919107,0
2958,0,0.845258,1
2959,0,-0.109853,0
2960,1,-0.393737,0
2961,0,0.391533,0
2962,1,1.670924,0
2963,0,-1.822554,0
2964,0,1.002244,0
2965,0,-1.038897,1
2966,1,-0.096089,0
2967,0,-0.594468,0
2968,0,-0.889357,0
2969,0,-0.656459,0
2970,1,0.544746,0
2971,1,-1.344333,1
2972,1,1.413429,0
2973,0,0.143882,0
2974,0,-0.12893,0
2975,0,-1.35191,0
2976,0,1.013507,0
2977,0,-0.122472,0
2978,1,-0.201937,0
2979,1,1.50376,1
2980,0,0.249167,0
2981,0,-0.002107,1
2982,0,0.609056,0
2983,1,-0.637626,0
2984,1,0.379917,1
2985,0,1.59641,0
2986,0,-0.1305,0
2987,0,-0.602838,0
2988,1,-0.662674,0
2989,1,0.34618,0
2990,1,-1.742586,0
2991,1,0.0256,0
2992,1,1.259678,0
2993,0,-0.220131,0
2994,0,0.46377,0
2995,1,-0.971894,0
2996,1,1.598644,1
2997,1,-2.200336,0
2998,1,1.239461,0
2999,0,-0.294727,0
3000,0,1.492818,0
